sample,X,Y,Z,radii,Station,Latitude (N),Longitude (E),Depth (m),Temperature (C),Salinity (psu),Oxygen (mL/L),Fluorescence (mg/m^3),Turbidity (V),Nitrate (uM),Phosphate (uM),Silicate (uM),InverseSimpson,Shannon,Pielou,Richness,ko00010: Glycolysis / Gluconeogenesis,ko00020: Citrate cycle (TCA cycle),ko00030: Pentose phosphate pathway,ko00040: Pentose and glucuronate interconversions,ko00051: Fructose and mannose metabolism,ko00052: Galactose metabolism,ko00053: Ascorbate and aldarate metabolism,ko00061: Fatty acid biosynthesis,ko00071: Fatty acid metabolism,ko00072: Synthesis and degradation of ketone bodies,ko00100: Steroid biosynthesis,ko00130: Ubiquinone and other terpenoid-quinone biosynthesis,ko00140: Steroid hormone biosynthesis,ko00190: Oxidative phosphorylation,ko00195: Photosynthesis,ko00196: Photosynthesis - antenna proteins,ko00230: Purine metabolism,ko00240: Pyrimidine metabolism,"ko00250: Alanine, aspartate and glutamate metabolism",ko00253: Tetracycline biosynthesis,"ko00260: Glycine, serine and threonine metabolism",ko00270: Cysteine and methionine metabolism,"ko00280: Valine, leucine and isoleucine degradation",ko00281: Geraniol degradation,"ko00290: Valine, leucine and isoleucine biosynthesis",ko00300: Lysine biosynthesis,ko00310: Lysine degradation,ko00311: Penicillin and cephalosporin biosynthesis,ko00312: beta-Lactam resistance,ko00330: Arginine and proline metabolism,ko00340: Histidine metabolism,ko00350: Tyrosine metabolism,ko00360: Phenylalanine metabolism,ko00361: Chlorocyclohexane and chlorobenzene degradation,ko00362: Benzoate degradation,ko00363: Bisphenol degradation,ko00364: Fluorobenzoate degradation,ko00380: Tryptophan metabolism,"ko00400: Phenylalanine, tyrosine and tryptophan biosynthesis",ko00410: beta-Alanine metabolism,ko00430: Taurine and hypotaurine metabolism,ko00440: Phosphonate and phosphinate metabolism,ko00450: Selenocompound metabolism,ko00460: Cyanoamino acid metabolism,ko00471: D-Glutamine and D-glutamate metabolism,ko00473: D-Alanine metabolism,ko00480: Glutathione metabolism,ko00500: Starch and sucrose metabolism,ko00510: N-Glycan biosynthesis,ko00511: Other glycan degradation,ko00520: Amino sugar and nucleotide sugar metabolism,ko00521: Streptomycin biosynthesis,"ko00522: Biosynthesis of 12-, 14- and 16-membered macrolides",ko00523: Polyketide sugar unit biosynthesis,ko00531: Glycosaminoglycan degradation,ko00532: Glycosaminoglycan biosynthesis - chondroitin sulfate,ko00540: Lipopolysaccharide biosynthesis,ko00550: Peptidoglycan biosynthesis,ko00561: Glycerolipid metabolism,ko00562: Inositol phosphate metabolism,ko00563: Glycosylphosphatidylinositol(GPI)-anchor biosynthesis,ko00564: Glycerophospholipid metabolism,ko00565: Ether lipid metabolism,ko00590: Arachidonic acid metabolism,ko00591: Linoleic acid metabolism,ko00600: Sphingolipid metabolism,ko00601: Glycosphingolipid biosynthesis - lacto and neolacto series,ko00620: Pyruvate metabolism,ko00621: Dioxin degradation,ko00622: Xylene degradation,ko00623: Toluene degradation,ko00624: Polycyclic aromatic hydrocarbon degradation,ko00625: Chloroalkane and chloroalkene degradation,ko00626: Naphthalene degradation,ko00627: Aminobenzoate degradation,ko00630: Glyoxylate and dicarboxylate metabolism,ko00633: Nitrotoluene degradation,ko00640: Propanoate metabolism,ko00642: Ethylbenzene degradation,ko00643: Styrene degradation,ko00650: Butanoate metabolism,ko00660: C5-Branched dibasic acid metabolism,ko00670: One carbon pool by folate,ko00680: Methane metabolism,ko00710: Carbon fixation in photosynthetic organisms,ko00720: Carbon fixation pathways in prokaryotes,ko00730: Thiamine metabolism,ko00740: Riboflavin metabolism,ko00750: Vitamin B6 metabolism,ko00760: Nicotinate and nicotinamide metabolism,ko00770: Pantothenate and CoA biosynthesis,ko00780: Biotin metabolism,ko00785: Lipoic acid metabolism,ko00790: Folate biosynthesis,ko00791: Atrazine degradation,ko00830: Retinol metabolism,ko00860: Porphyrin and chlorophyll metabolism,ko00900: Terpenoid backbone biosynthesis,ko00901: Indole alkaloid biosynthesis,ko00902: Monoterpenoid biosynthesis,ko00903: Limonene and pinene degradation,ko00906: Carotenoid biosynthesis,ko00908: Zeatin biosynthesis,ko00910: Nitrogen metabolism,ko00920: Sulfur metabolism,ko00930: Caprolactam degradation,ko00940: Phenylpropanoid biosynthesis,ko00941: Flavonoid biosynthesis,ko00943: Isoflavonoid biosynthesis,"ko00960: Tropane, piperidine and pyridine alkaloid biosynthesis",ko00970: Aminoacyl-tRNA biosynthesis,ko00983: Drug metabolism - other enzymes,ko01040: Biosynthesis of unsaturated fatty acids,ko01053: Biosynthesis of siderophore group nonribosomal peptides,ko01056: Biosynthesis of type II polyketide backbone,ko02010: ABC transporters,ko02020: Two-component system,ko02030: Bacterial chemotaxis,ko02040: Flagellar assembly,ko02060: Phosphotransferase system (PTS),ko03008: Ribosome biogenesis in eukaryotes,ko03010: Ribosome,ko03013: RNA transport,ko03015: mRNA surveillance pathway,ko03018: RNA degradation,ko03020: RNA polymerase,ko03022: Basal transcription factors,ko03030: DNA replication,ko03050: Proteasome,ko03060: Protein export,ko03070: Bacterial secretion system,ko03410: Base excision repair,ko03420: Nucleotide excision repair,ko03430: Mismatch repair,ko03440: Homologous recombination,ko03450: Non-homologous end-joining,ko04112: Cell cycle - Caulobacter,ko04113: Meiosis - yeast,ko04122: Sulfur relay system,ko04141: Protein processing in endoplasmic reticulum,ko04142: Lysosome,ko04146: Peroxisome,ko04210: Apoptosis,ko04330: Notch signaling pathway,ko04610: Complement and coagulation cascades,ko04621: NOD-like receptor signaling pathway,ko04626: Plant-pathogen interaction,ko04910: Insulin signaling pathway,ko04962: Vasopressin-regulated water reabsorption,ko04974: Protein digestion and absorption,ko04976: Bile secretion,ko05010: Alzheimer's disease,ko05100: Bacterial invasion of epithelial cells,ko05110: Vibrio cholerae infection,ko05111: Vibrio cholerae pathogenic cycle,ko05120: Epithelial cell signaling in Helicobacter pylori infection,ko05142: Chagas disease (American trypanosomiasis),ko05143: African trypanosomiasis,ko05145: Toxoplasmosis,ko05146: Amoebiasis,ko05150: Staphylococcus aureus infection,ko05322: Systemic lupus erythematosus
sample01,823,232,0,16,12,17.662,40.905,10,31.2,38.87,4.249,0.001,0.2553,0.17,0.13,2.1505,65.8349,4.37956,0.86083,1,0.0111002,0.018767,0.014608,0.00500753,0.00702804,0.00205092,0.00321259,0.0234183,0.00540939,0.000332107,1.66E-05,0.00955945,0.000124895,0.0109518,0.010403,0.00284171,0.0104952,0.013615,0.0206428,0,0.0168827,0.0144857,0.00755122,0.00118238,0.0369518,0.0159694,0.0044925,0.00128427,0,0.00988491,0.0170118,0.00364316,0.00381788,0.000526034,0.00144889,0.000152561,1.62E-06,0.00470594,0.0146788,0.00719188,0.00832913,0.000314395,0.0212445,0,0.0161759,0.0102042,0.0131309,0.00484083,0.000494492,0.000421855,0.00741031,0.00911048,5.16E-06,0.000901704,0.000119359,0,0.0092258,0.015002,0.00465112,0.00369899,2.42E-07,0.00397273,0,0.00193809,0.00193706,0.000101932,0,0.0157003,0,1.12E-06,2.76E-06,0.00117004,0.00565027,0.00272495,0.00148235,0.00889244,0.000262731,0.01331,7.02E-07,0.000194909,0.0083254,0.0334168,0.0236106,0.00440051,0.00253498,0.0182492,0.016331,0.0124566,0.0108663,0.0128895,0.019189,0.0108336,0.0280903,0.0142638,0.000703318,0.00113598,0.0124574,0.0145346,0,0,0.00423416,0.0063051,0.0038451,0.00499492,0.0133231,0.000542883,0,6.52E-05,0,0.00512904,0.0237139,0.00830812,0.00276961,4.39E-05,8.32E-06,0.00479865,0.0022524,0.000693209,0.00139808,9.43E-05,0.000477835,0.0246115,0.000328687,7.55E-07,0.00888452,0.00737482,9.77E-06,0.0119889,2.54E-05,0.0183216,0.00913902,0.00991772,0.00940407,0.0111493,0.0138965,1.83E-05,0.0137901,2.12E-05,0.0103681,0.000215067,0,0.00286346,0.000238762,2.70E-06,3.34E-07,0,0.00179471,0.000417191,2.16E-06,2.39E-05,8.09E-05,0.00169031,9.57E-07,0,0.000183177,5.91E-05,0.000501215,0.00114792,0.000157181,7.02E-06,5.17E-06,0
sample02,823,327,0,16,12,17.662,40.905,25,31.144,38.869,4.248,0.0157,0.2622,0.12,0.13,2.2215,64.4605,4.37004,0.85896,1,0.0111247,0.020356,0.0139062,0.00514707,0.00675322,0.00207007,0.00334141,0.0239871,0.00593717,0.000284537,1.18E-05,0.0088169,0.000138887,0.0114164,0.00811566,0.00161181,0.0106145,0.0137265,0.0214463,0,0.0178833,0.0144477,0.00802531,0.00135348,0.0387259,0.0153791,0.00479994,0.00108534,0,0.00966543,0.0166149,0.00363662,0.00384413,0.000383954,0.0015286,0.000137843,1.11E-05,0.00493654,0.0147702,0.00757829,0.00921157,0.000315848,0.0216469,0,0.0150253,0.00894853,0.0130016,0.00431797,0.000425905,0.000424367,0.00716671,0.00854774,4.09E-06,0.000932108,0.000119376,0,0.00933787,0.0144078,0.00429595,0.00381453,8.38E-07,0.00398224,0,0.00201794,0.00146239,0.000116348,0,0.0164621,0,1.80E-06,9.63E-07,0.00102595,0.00591432,0.0028318,0.00127171,0.00918537,0.000236736,0.014635,7.98E-06,0.00014637,0.00888299,0.0349182,0.0234859,0.004583,0.00237304,0.0198914,0.0154594,0.0119326,0.0104907,0.0126739,0.0192869,0.00861823,0.0287696,0.0139523,0.000635113,0.00120361,0.0111532,0.01423,0,0,0.0043262,0.0056712,0.0031738,0.00519746,0.0131376,0.000535725,0.00199904,8.31E-05,0,0.0049343,0.0244889,0.00858881,0.00258342,3.35E-05,7.31E-06,0.00488883,0.00219394,0.000541018,0.00112129,7.96E-05,0.000436228,0.0249355,0.000292787,5.17E-07,0.00874268,0.00759904,9.67E-06,0.0118579,1.83E-05,0.0187092,0.00929927,0.00974451,0.00951783,0.0106333,0.0134502,6.16E-06,0.0143514,1.77E-05,0.00978316,0.000191568,0,0.00287511,0.000282146,6.23E-07,3.67E-07,0,0.00179279,0.000297934,1.12E-06,1.62E-05,7.46E-05,0.00190495,9.95E-07,0,0.000121611,3.18E-05,0.000559605,0.00127276,0.000182584,0,4.71E-06,0
sample03,823,392,0,16,12,17.662,40.905,47,23.042,37.393,1.969,1.519,0.3281,12.6,1.07,10.854,61.6096,4.36196,0.857372,1,0.0111167,0.0239724,0.0123247,0.00542018,0.00636094,0.00236313,0.00364724,0.0241653,0.00787082,0.00099481,6.07E-05,0.00654048,0.000477268,0.0112797,0.000753502,7.40E-05,0.0108578,0.0144336,0.0226797,1.10E-06,0.0196621,0.0147084,0.0104027,0.00196867,0.0404815,0.0145535,0.00554551,0.00057962,0,0.00914971,0.0163621,0.00436553,0.004372,0.000356267,0.00261798,0.000305189,3.55E-06,0.00601234,0.0140727,0.00798131,0.0107037,0.000586878,0.0216906,0,0.0111871,0.00559886,0.0107246,0.00273043,0.000385406,0.000758414,0.00693453,0.00916896,3.45E-05,0.00130315,0.000394755,0,0.0109054,0.0110721,0.00310542,0.00409267,3.53E-07,0.00366328,0.000100988,0.00225536,0.000132341,0.000347523,0,0.0170147,2.24E-07,4.60E-06,6.29E-06,0.00133723,0.00751164,0.00425708,0.00138898,0.0108312,0.000313266,0.0172142,7.83E-06,2.47E-05,0.0105912,0.04067,0.0241139,0.00534932,0.00209152,0.0236196,0.0114567,0.0104287,0.0130484,0.0114311,0.0182278,0.00456935,0.0292416,0.0107616,0.000903127,0.00175024,0.00694625,0.0128107,0,0,0.00553156,0.00244866,0.0024814,0.00586064,0.0119036,0.00334622,0.00236635,0.000177454,0,0.00444987,0.0264037,0.00935331,0.0022453,0.000122051,4.08E-06,0.00470639,0.00205017,0.000650713,0.00123354,0.00012074,0.000583359,0.0283138,0.000527281,0.00018739,0.00912715,0.00894256,0.000891576,0.0106886,0.000388695,0.0178979,0.00920493,0.00971383,0.00902193,0.00872447,0.0109842,3.15E-05,0.0138723,2.55E-05,0.0106543,0.00032329,0,0.002967,0.000249151,5.35E-06,3.89E-07,0,0.00186482,0.000251932,3.19E-07,9.05E-05,0.000230861,0.00189993,1.93E-06,0,0.00015268,1.80E-05,0.00056664,0.00122952,0.000154106,4.84E-05,1.23E-05,5.27E-07
sample04,767,242,0,16,22,17.996,39.799,10,30.454,39.063,4.29,0.001,0.2601,0.23,0.13,2.2113,64.8824,4.35506,0.856015,1,0.0109374,0.0171731,0.0149852,0.00531161,0.00677624,0.00239108,0.00313197,0.0224619,0.00510225,0.000282238,2.28E-05,0.0112078,8.57E-05,0.0101809,0.0101514,0.00139511,0.0107198,0.0132872,0.0199995,0,0.016254,0.0138624,0.0068971,0.000898865,0.0361789,0.0166778,0.00425368,0.0018246,0,0.0101657,0.0168117,0.00340983,0.00362062,0.000515466,0.000167653,0.000137366,1.37E-06,0.00437616,0.0153098,0.00706844,0.0071402,0.0002784,0.0204454,0,0.0191052,0.011287,0.0136108,0.00540026,0.000570627,0.000182935,0.00743781,0.00902628,6.02E-06,0.000724628,6.25E-05,3.82E-07,0.00894977,0.0168857,0.00504209,0.00348635,1.84E-07,0.00413211,0,0.00196054,0.00181296,6.19E-05,0,0.0150432,3.59E-07,1.83E-06,1.86E-06,1.54E-05,0.00529434,0.00234993,0.00143364,0.00826059,0.000211599,0.0124907,7.70E-06,0.000268339,0.00735611,0.0327501,0.0228212,0.00422767,0.00253049,0.0169784,0.0180631,0.0134587,0.0106995,0.0128989,0.0195513,0.0130731,0.0289059,0.0167676,0.000392272,0.00102849,0.0138397,0.0147405,0,0,0.000372856,0.00694598,0.0047686,0.00454885,0.0128951,0.00053659,0,5.09E-05,0,0.00554857,0.0242823,0.00799262,0.00302007,3.87E-05,6.52E-06,0.00460117,0.00220578,0.000625714,0.00108898,7.73E-05,0.000547272,0.0251506,0.000414758,0,0.0088212,0.00707866,1.61E-05,0.013138,2.91E-05,0.0192163,0.00947488,0.0102056,0.00976113,0.0121131,0.015153,8.36E-06,0.0135713,1.65E-05,0.00989903,0.000247039,0,0.00287431,0.000214839,2.79E-06,3.10E-07,0,0.00171154,0.000353232,1.61E-05,1.63E-05,8.68E-05,0.00139047,1.08E-06,0,0.000167666,1.40E-05,0.000435523,0.000996104,0.000139944,0,3.30E-06,0
sample05,767,337,0,16,22,17.996,39.799,25,29.913,39.072,4.324,0.001,0.2988,0.07,0.12,2.2925,64.0561,4.36336,0.857646,1,0.0110158,0.0204475,0.0137312,0.00526388,0.00665973,0.00206368,0.00343308,0.0242191,0.00612077,0.000328715,2.67E-05,0.00914946,0.000136938,0.0109724,0.00721814,0.000835031,0.0106496,0.0135466,0.0214192,0,0.0180086,0.0143928,0.00818425,0.00135384,0.0385226,0.0155407,0.00482335,0.00121817,0,0.00976102,0.0169047,0.0038358,0.00389255,0.000400177,0.00159743,0.000203869,2.44E-06,0.00498561,0.0150072,0.0075713,0.00912109,0.000317191,0.0213207,0,0.0149801,0.00864094,0.0127683,0.0042659,0.000394341,0.000298315,0.00712858,0.0082457,1.07E-05,0.000847261,0.000116985,0,0.00933619,0.0144585,0.00427113,0.00383187,2.01E-06,0.00398358,1.65E-05,0.00193966,0.00132604,0.000108232,0,0.016465,0,1.51E-06,6.58E-07,0.000995309,0.00625635,0.00303734,0.00129551,0.00942963,0.000254193,0.0149003,1.16E-07,0.00012528,0.00882416,0.0364079,0.0233747,0.0046594,0.00240972,0.0200348,0.0154022,0.0120437,0.0110568,0.0125698,0.0190464,0.00846849,0.0280179,0.0139935,0.000426311,0.00134635,0.0109234,0.0142646,0,0,0.00439143,0.00564252,0.00362229,0.00514252,0.0131152,0.000628163,0,9.36E-05,0,0.00521228,0.0247212,0.00825559,0.00264024,5.03E-05,7.22E-06,0.0048939,0.0022,0.000642367,0.00126268,7.15E-05,0.000473016,0.0254833,0.00028122,4.56E-07,0.00879645,0.00758394,2.52E-05,0.0118998,3.21E-05,0.018989,0.00944627,0.0097007,0.00953628,0.0105865,0.0133685,1.90E-06,0.0142207,2.02E-05,0.0102778,0.000202129,0,0.00291682,0.000281952,2.13E-06,3.66E-07,0,0.00174331,0.000259269,4.29E-06,1.99E-05,0.00011031,0.00176962,1.93E-06,5.38E-07,0.000137873,1.10E-05,0.000554962,0.00127251,0.000181758,2.70E-06,5.34E-06,0
sample06,767,408,0,16,22,17.996,39.799,50,29.681,39.068,4.319,0.0983,0.2631,0.12,0.11,2.3635,64.0458,4.36052,0.857089,1,0.0110596,0.0201516,0.0139609,0.00532458,0.00674315,0.00222097,0.00341535,0.0236936,0.00618355,0.000396013,2.99E-05,0.00916612,0.000170046,0.0107702,0.00757865,0.00107838,0.0106501,0.0136507,0.0212625,0,0.0174482,0.014346,0.00838865,0.0012525,0.0384878,0.0155802,0.00479671,0.00129944,0,0.00969809,0.0164691,0.00371082,0.00387504,0.000375725,0.00159861,2.70E-05,1.05E-05,0.00497037,0.014751,0.00765287,0.00886777,0.000368955,0.0211082,0.00520599,0.0148039,0.00936556,0.0127224,0.0044359,0.000414521,0.00036235,0.00738835,0.0087357,8.55E-06,0.000947514,7.09E-05,0,0.00952341,0.0145349,0.00441514,0.00360088,0,0.00398328,0,0.00207086,0.00129402,0.000107502,0,0.0161955,2.39E-07,2.38E-06,1.28E-06,5.51E-06,0.00608832,0.00288745,0.00129361,0.0092048,0.000327904,0.0146108,8.37E-06,0.000131759,0.00875509,0.0358641,0.0235091,0.00458487,0.000609542,0.0196894,0.0152826,0.0122194,0.0110421,0.0126472,0.0192467,0.00931356,0.0291691,0.0140111,0.000483633,0.00126174,0.0109929,0.0142527,0,0,0.0044041,0.00562021,0.00377702,0.00510475,0.0128412,0.000585236,0,0.000106291,0,0,0.0249796,0.00873728,0.00284293,7.31E-05,5.91E-06,0.00481322,0.00224946,0.00077881,0.00147935,0.000115816,0.000467825,0.0257699,0.000341648,5.24E-06,0.00890893,0.00763373,4.87E-05,0.0120643,4.70E-05,0.0189437,0.00948347,0.00973068,0.00956361,0.0107599,0.0137194,7.56E-06,0.014418,1.98E-05,0.00995724,0.000206922,0,0.00293549,0.000251971,2.28E-06,0,0,0.00174842,0.000323078,1.98E-06,3.40E-05,0.000129226,0.0016446,1.98E-06,4.91E-06,0.000196653,2.14E-05,0.000507247,0.00114034,0.000165487,0,5.08E-06,0
sample07,767,480,0,16,22,17.996,39.799,100,24.374,40.052,3.635,0.0814,0.2379,4.23,0.26,3.0228,60.6346,4.35068,0.855154,1,0.0114484,0.0249589,0.0111509,0.00403926,0.00699292,0.00251532,0.00303114,0.0195034,0.00743832,0.000734709,0.000139104,0.00712807,0.000277173,0.0117392,0.00129974,0.000120375,0.0111372,0.0149168,0.0243499,0,0.0208055,0.0155007,0.0117281,0.00129033,0.0431592,0.0154182,0.00508694,0.000797488,0,0.00984555,0.0163534,0.00458678,0.00462647,0.000311283,0.00264845,0.000165137,1.13E-05,0.00611716,0.0138838,0.00748952,0.0106498,0.000864048,0.0243665,0.00555617,0.0100253,0.00071194,0.00885268,0.00287738,0.000747409,0.000548328,0.00776448,0.0129471,5.93E-05,0.00186471,0.000246546,0,0.00900178,0.00900943,0.00259602,0.00415888,8.46E-07,0.00327312,0.000122138,8.03E-06,0.000112073,0.000197645,0,0.0161319,5.62E-06,6.51E-06,1.01E-05,2.99E-05,0.00688522,0.00415348,0.00133075,0.0107068,0.00035824,0.0171013,4.71E-06,1.72E-05,0.0116237,0.0420448,0.0248418,0.00592973,0.00202106,0.0251238,0.0129525,0.0105108,0.0150866,0.011489,0.0195401,0.00720981,0.0218628,0.0100931,0.00047525,0.00199002,0.00869173,0.0135895,0,0,0.00469968,0.00168158,0.00205759,0.00610677,0.0132796,0.00100229,0,0.000293555,1.13E-05,0.00440389,0.0274164,0.00915962,0.00216,4.10E-05,3.00E-05,0.00461215,0.00202496,0.000723835,0.00126419,0.000100689,0.000462212,0.0270004,0.0014452,0.000600105,0.00907885,0.00985575,0.00287105,0.00984355,0.00117898,0.0175884,0.00880947,0.00925952,0.00839825,0.00819764,0.00922746,1.47E-05,0.0127978,4.02E-05,0.0102441,0.000549964,0,0.00320344,0.00013254,4.31E-06,3.57E-07,0,0.0015979,0.000651201,1.41E-06,0.000227501,0.000436211,0.00173632,2.59E-06,0.00023784,0.000261792,2.76E-05,0.000511975,0.00110172,8.48E-05,0.000107644,1.29E-05,1.80E-06
sample08,767,552,0,16,22,17.996,39.799,200,21.927,40.453,1.546,0.001,0.233,14.5,0.82,9.5959,61.1034,4.34875,0.854774,1,0.0120055,0.02495,0.011413,0.00339238,0.00702902,0.00278085,0.000485758,0.0173278,0.00716996,0.0118505,0.000150706,0.00686137,0.000308925,0.0111592,0.000239078,3.26E-05,0.011153,0.0145415,0.0242059,0,0.020656,0.0156244,0.0123286,0.00114124,0.0425423,0.0164766,0.0047915,0.000714718,0,0.00993409,0.0167439,0.0046918,0.00468372,0.000146953,0.0029933,0.000212922,1.46E-05,0.00607959,0.014191,0.00706533,0.00943,0.00119773,0.02385,0.00592395,0.0112547,0.000480891,0.00776572,0.00250018,0.00125712,0.00064561,0.00801853,0.0168413,8.76E-05,0.00508233,0.000279064,0,0.00784491,0.00687862,0.00203741,0.00441819,9.01E-07,0.00255419,0.000131979,1.25E-05,5.55E-05,0.000240147,5.92E-07,0.0151395,0.000127139,6.74E-06,3.49E-06,2.51E-05,0.00687339,0.00459555,0.00138992,0.0119971,0.000803988,0.0166706,5.58E-06,2.03E-05,0.0122002,0.0408644,0.0229979,0.00616091,0.00175244,0.0255944,0.0139494,0.0103181,0.0165646,0.0105934,0.0204642,0.00872905,0.0190496,0.00874478,0.000722323,0.00226108,0.0100626,0.0143694,0,0,0.00047724,0.000306093,0.00164784,0.00601057,0.0129531,0.00108503,0,0.000351349,1.20E-05,0.00422425,0.0281643,0.0121369,0.00209434,9.05E-05,1.39E-05,0.00443489,0.0018035,0.000331844,0.00076062,6.86E-05,0.000494368,0.027538,0.00227529,0.000945118,0.00868705,0.0103376,0.00527922,0.00902226,0.00179371,0.0159318,0.00762072,0.00941431,0.00769992,0.00740057,0.00737604,1.99E-05,0.0104984,5.47E-05,0.0105093,0.000819702,0,0.0033478,8.17E-05,1.67E-06,3.16E-07,0,0.00145912,0.000559722,3.08E-06,0.000247476,0.000493524,0.00148293,8.25E-07,0.000376522,0.00016061,2.47E-05,0.000292346,0.000641202,5.41E-05,0.000121543,1.66E-05,1.27E-05
sample09,767,647,0,16,22,17.996,39.799,500,21.571,40.533,1.089,0.001,0.2338,16.5,1.26,15.317,62.3296,4.35984,0.856954,1,0.0120534,0.0242908,0.011959,0.00325468,0.0069596,0.00307592,0.000403954,0.0156702,0.00659816,0.0139095,9.44E-05,0.00796575,0.000160952,0.011721,0.000585063,9.30E-05,0.0113413,0.0144245,0.0242612,0,0.0209418,0.0157328,0.0117358,0.00081888,0.0424951,0.017102,0.00472364,0.000892725,1.61E-06,0.00972634,0.0164708,0.00422743,0.00452887,0.000135908,0.00258786,0.000111901,3.08E-05,0.00552422,0.0148547,0.00647453,0.00917993,0.00128891,0.0233116,0.00545417,0.0105202,0.00106399,0.00826145,0.00315967,0.00131585,0.000377533,0.00820149,0.0175865,3.37E-05,0.00512556,0.000196426,0,0.00780816,0.00749646,0.00217976,0.00434061,4.50E-07,0.00311462,0,2.73E-05,0.000180298,0.000122751,0,0.0146403,3.34E-06,3.63E-06,6.84E-06,1.00E-05,0.00628721,0.00417565,0.00108998,0.0116155,0.000726363,0.0154625,3.11E-06,1.91E-05,0.0127931,0.038403,0.0219125,0.00601017,0.00185369,0.0247195,0.0148687,0.010382,0.0163939,0.0108064,0.0205523,0.0108375,0.0183713,0.00913127,0.000241161,0.00216885,0.0108619,0.0152473,0,0,0.000475212,0.000350564,0.00168689,0.00591999,0.0133601,0.00055188,0,0.000224163,4.23E-06,0.00411677,0.0274156,0.0113129,0.00215273,7.53E-05,8.46E-06,0.00428928,0.00221163,0.000971199,0.00192061,0.000175327,0.000480303,0.0265193,0.0024869,0.00112804,0.00829302,0.0108196,0.00585553,0.00912808,0.00202878,0.0163633,0.00815756,0.00945756,0.00737995,0.00789886,0.00743017,4.07E-06,0.0104415,3.74E-05,0.00988144,0.000882659,0,0.00353934,7.65E-05,2.87E-06,2.55E-07,0,0.00125458,0.000592628,1.22E-06,0.000295796,0.000587252,0.00165132,4.33E-07,0.000473683,0.000451576,5.89E-05,0.000343419,0.000693456,4.90E-05,0.000126658,1.29E-05,5.97E-06
sample10,795,224,0,16,34,18.58,40.743,10,31.021,38.918,4.338,0.0011,0.2414,0.27,0.14,2.2722,63.3348,4.35387,0.855781,1,0.010935,0.0213401,0.0131095,0.00522661,0.00654468,0.0020475,0.00358808,0.0244763,0.00642933,0.000439977,2.45E-05,0.00863388,0.00011816,0.0116266,0.00614944,0.000700182,0.0105241,0.0135548,0.0220728,0,0.0186645,0.0147983,0.00896123,0.00119862,0.0392681,0.0156557,0.0049911,0.00106698,1.35E-06,0.00976877,0.0176289,0.00404159,0.00407254,0.000393475,0.00175066,1.73E-05,4.52E-06,0.00515209,0.014721,0.00790826,0.0100222,0.000386175,0.0218922,0,0.0132936,0.00868369,0.0127996,0.00402818,0.000360578,0.000293323,0.00705093,0.00823116,1.26E-05,0.000884851,9.18E-05,7.33E-07,0.00961411,0.0138582,0.0041377,0.00404827,2.00E-07,0.00420788,0,0.00190798,0.00124306,8.69E-05,0,0.0171489,1.28E-07,2.45E-06,5.28E-06,0.000972792,0.00656043,0.00318443,0.00130545,0.00981311,0.000300436,0.0158779,1.58E-06,0.000118319,0.00942707,0.0364318,0.0235037,0.00481672,0.000487256,0.0208857,0.0147563,0.0112782,0.0108908,0.0125984,0.0191114,0.00743281,0.0282045,0.01362,0.000468245,0.00148054,0.0101099,0.0140541,0,5.16E-06,0.00448488,0.00535186,0.00315292,0.00536563,0.0135772,0.00230984,0,8.60E-05,0,0,0.0247645,0.0083715,0.00260225,4.97E-05,1.17E-05,0.00510566,0.0023805,0.000879604,0.00169038,9.22E-05,0.000465649,0.0249628,0.00027219,6.53E-06,0.0087764,0.00781141,8.09E-05,0.0117479,6.24E-05,0.0191712,0.00969939,0.00949303,0.00941268,0.0103813,0.0129538,7.90E-06,0.0145401,2.31E-05,0.0101096,0.000181362,0,0.00301185,0.000319775,1.31E-06,3.31E-07,0,0.00170437,0.000253159,1.05E-06,3.76E-05,9.91E-05,0.00199817,2.00E-06,1.76E-06,0.000263881,1.96E-05,0.000629911,0.00141401,0.000206431,0,3.47E-06,0
sample11,795,318,0,16,34,18.58,40.743,25,30.867,38.937,4.585,0.012,0.2469,2.18,0.25,2.0693,63.8073,4.37314,0.859569,1,0.0108397,0.0215649,0.0128782,0.00519617,0.00668944,0.00212116,0.00344994,0.0234799,0.00662223,0.000521811,2.81E-05,0.00829969,0.000164018,0.011264,0.00524598,0.00074595,0.010695,0.013722,0.0217181,0,0.0184454,0.014428,0.00909665,0.00137408,0.0389091,0.0152416,0.00504215,0.00110537,0,0.00947122,0.0167446,0.00402591,0.0041121,0.000334185,0.00183043,0.000211871,1.06E-05,0.00525999,0.0143852,0.00777164,0.00989182,0.000431275,0.0214952,0,0.0132407,0.0083813,0.012114,0.00385659,0.000379566,0.000465897,0.00719426,0.00873503,1.23E-05,0.00104163,0.000139559,0,0.00992207,0.0135221,0.00384548,0.00390368,2.31E-06,0.00397469,0,0.00193169,0.00100529,0.000116248,1.12E-06,0.0166109,2.06E-07,1.34E-06,2.32E-06,0.00107921,0.00642569,0.00324228,0.0012619,0.00963453,0.000332582,0.0157285,4.03E-06,8.85E-05,0.0093308,0.0374435,0.0235629,0.00479812,0.00231188,0.0211264,0.0141662,0.0116011,0.0113257,0.0122586,0.0187216,0.00679956,0.0295225,0.0133584,0.000512639,0.00143422,0.00948981,0.0138229,0,0,0.00451358,0.00480905,0.0031388,0.00530753,0.0128009,0.00234474,0.00219216,0.000141519,0,0.00492756,0.0250341,0.00861005,0.00246352,6.17E-05,5.23E-06,0.00477925,0.00218462,0.000727479,0.00144864,9.74E-05,0.000463539,0.0255896,0.000344379,3.75E-05,0.00889144,0.00784783,0.000237187,0.0116224,0.000149309,0.0190768,0.00961716,0.00974963,0.00935192,0.010125,0.0127514,1.51E-05,0.0142057,2.16E-05,0.0100506,0.000203097,0,0.00292092,0.000273322,1.12E-06,3.64E-07,0,0.00169035,0.000255449,2.00E-06,4.73E-05,0.000131249,0.00181739,1.85E-06,1.84E-05,0.000193754,1.68E-05,0.000567933,0.00128411,0.000179096,0,9.51E-06,8.65E-07
sample12,795,390,0,16,34,18.58,40.743,50,21.57,37.014,1.288,1.0967,0.2893,17.5,1.34,14.505,62.4537,4.37366,0.859672,1,0.0111651,0.0236696,0.0115681,0.00466352,0.00642505,0.0025096,0.00332159,0.0218202,0.00774367,0.000988462,0.000106009,0.00708158,0.000346766,0.0111525,0.00104608,0.000135272,0.0109624,0.0144035,0.0231485,0,0.0194935,0.0150328,0.0110457,0.00167111,0.0409776,0.0150006,0.00521889,0.000747081,0,0.0094546,0.0165025,0.00448732,0.00459253,0.000304821,0.00259102,0.000245029,2.80E-05,0.00596767,0.0136566,0.00750646,0.0105851,0.000702071,0.0227173,0.00519573,0.0105362,0.0052629,0.00972945,0.00297176,0.000584403,0.000590696,0.00743755,0.0115101,6.16E-05,0.00166913,0.000308027,0,0.0103166,0.0102301,0.00282105,0.00405291,0,0.00359644,0.000123015,0.00196111,0.000177495,0.000267488,6.33E-07,0.0165491,3.36E-07,6.23E-06,2.26E-06,8.73E-06,0.00705592,0.00403847,0.00140853,0.0106602,0.000580472,0.0168366,1.25E-05,2.15E-05,0.0106563,0.0400251,0.0244226,0.00561668,0.00216147,0.0236521,0.0121559,0.0102348,0.0138025,0.0114722,0.0185158,0.00623646,0.0260839,0.0103509,0.000792411,0.00179971,0.00780509,0.0132616,0,0,0.00508651,0.00198602,0.00242284,0.00601547,0.0127141,0.00330127,0,0.000234091,4.28E-06,0.00456758,0.027101,0.00927158,0.00229764,5.50E-05,1.18E-05,0.00450557,0.00206417,0.000749071,0.0013984,0.000106416,0.000534037,0.0271887,0.000948022,0.00036626,0.00908984,0.00926048,0.00187004,0.0104577,0.000806613,0.0180012,0.00912736,0.00983931,0.00900393,0.00873103,0.010341,1.56E-05,0.013203,3.22E-05,0.010575,0.000436177,0,0.00300341,0.000166207,6.00E-06,3.15E-07,0,0.0017013,0.000414307,1.11E-06,0.00017675,0.000361511,0.00171637,2.63E-06,0.000143478,0.000255731,3.28E-05,0.000533629,0.00114842,0.000105411,7.87E-05,1.47E-05,0
sample13,795,463,0,16,34,18.58,40.743,100,22.382,38.435,1.932,0.0336,0.25,9.97,0.71,15.2,60.1544,4.33698,0.852461,1,0.0112432,0.0243044,0.0111561,0.00428373,0.00685067,0.00255921,0.00306906,0.0195003,0.0075137,0.000716694,0.000147312,0.00734727,0.000300016,0.011266,0.000323794,1.87E-05,0.0114324,0.0148268,0.024443,0,0.0206329,0.0152778,0.0115755,0.00120576,0.0430709,0.0162431,0.00509301,0.000601836,0,0.00998336,0.0169569,0.0046608,0.00469217,0.000252853,0.00271775,0.000285744,1.38E-05,0.0060823,0.0142574,0.00746295,0.0105809,0.000943399,0.0235739,0,0.0110677,0.000542436,0.00875277,0.00284742,0.000810584,0.000545284,0.00792041,0.013577,7.23E-05,0.00179536,0.000309167,0,0.00911069,0.00926485,0.00251687,0.00426292,3.46E-07,0.00345559,0,7.47E-06,9.75E-05,0.000236503,6.82E-07,0.0159258,3.25E-06,5.82E-06,6.10E-06,2.69E-05,0.00694947,0.00421025,0.0013289,0.0109051,0.000485823,0.0170891,6.62E-06,2.25E-05,0.0113125,0.0424826,0.024415,0.00593446,0.00191644,0.0246373,0.0130119,0.0102915,0.015486,0.0114397,0.0194554,0.00750141,0.0223982,0.00980965,0.000566751,0.00201743,0.00889875,0.0139641,0,0,0.00475636,0.00123014,0.00211844,0.00609767,0.0131577,0.00105672,0,0.00030358,1.38E-05,0.00454372,0.0281179,0.00955877,0.00209259,4.76E-05,1.87E-05,0.00451977,0.00202297,0.000599513,0.00118311,0.000111333,0.00054578,0.0276169,0.00157596,0.00068249,0.00913351,0.0101477,0.00343429,0.0104448,0.00123542,0.0179763,0.00890615,0.00982191,0.0088136,0.00857703,0.00939483,7.61E-06,0.0124447,4.11E-05,0.0102352,0.000575106,0,0.00311877,0.000134894,5.78E-06,3.18E-07,0,0.00148181,0.00056101,2.06E-06,0.000216454,0.000487299,0.00163099,3.42E-06,0,0.000283521,3.95E-05,0.000474816,0.00102128,8.79E-05,0.000107479,1.50E-05,1.00E-06
sample14,795,534,0,16,34,18.58,40.743,200,22.197,40.398,2.838,0.001,0.2373,13.2,0.79,16.128,61.2292,4.34973,0.854969,1,0.0117614,0.024233,0.0114808,0.00358869,0.00696955,0.00277018,0.000480826,0.0170631,0.00719063,0.0115677,0.00013718,0.00729641,0.000291932,0.0111591,0.000123707,2.97E-05,0.0113513,0.0145849,0.0243092,0,0.0210035,0.0155058,0.0118366,0.00105725,0.0425107,0.017106,0.00491992,0.000735599,0,0.0100812,0.0170254,0.00470797,0.00470195,0.00019288,0.00302078,0.000198691,1.63E-05,0.00608836,0.0143217,0.00708658,0.00977205,0.00121723,0.0234213,0,0.0112304,0.000538022,0.00777149,0.00264794,0.00117431,0.000602896,0.00789775,0.0159553,6.62E-05,0.00455347,0.000279776,0,0.00823224,0.00756334,0.00221263,0.00451724,3.36E-07,0.00291775,0.000137117,1.00E-05,8.25E-05,0.000227382,0,0.0150635,3.54E-06,6.23E-06,6.64E-06,1.75E-05,0.0067109,0.00451378,0.00135787,0.0116374,0.000782354,0.0163551,6.13E-06,2.30E-05,0.0120487,0.041491,0.0229586,0.00617168,0.0018672,0.024696,0.0139678,0.0105284,0.0168396,0.0110201,0.0200511,0.00917667,0.0182862,0.00899248,0.000535899,0.00217882,0.0100524,0.0147254,0,0,0.000507755,0.000307525,0.00192255,0.00602815,0.0131166,0.000923049,0.00213503,0.000371385,2.43E-05,0.00441553,0.0280428,0.0114621,0.00214448,7.57E-05,8.37E-06,0.00443368,0.00198334,0.000600697,0.00122323,0.000107244,0.00050993,0.0272777,0.00219071,0.000949612,0.00875043,0.0107137,0.00493316,0.00945147,0.0016951,0.0166271,0.0081391,0.009792,0.00789751,0.00799082,0.00784215,1.05E-05,0.0109757,4.53E-05,0.0105339,0.000809891,0,0.00322096,9.92E-05,1.90E-06,3.03E-07,0,0.00132259,0.000582366,1.30E-06,0.000261978,0.000541179,0.00149941,1.99E-06,0.000363015,0.000243965,3.84E-05,0.000328391,0.000705682,6.46E-05,0.000124919,1.38E-05,7.51E-06
sample15,795,561,0,16,34,18.58,40.743,258,21.81,40.477,0.602,0.001,0.2583,16.5,1.22,16.433,62.2026,4.36104,0.857191,1,0.0118302,0.0240151,0.011617,0.00336012,0.00693528,0.00277722,0.000510876,0.0165069,0.00718902,0.0125502,0.000147485,0.00710965,0.000299365,0.0112603,7.56E-05,6.84E-06,0.0113499,0.0144399,0.0242317,0,0.0206584,0.0154773,0.0119623,0.00147291,0.0420137,0.0172231,0.00496725,0.000709303,1.01E-05,0.0100553,0.0171769,0.0046184,0.00471341,0.000187569,0.00299359,0.000230059,2.45E-05,0.00600034,0.0143215,0.00700011,0.00946548,0.00118001,0.0233301,0.00569533,0.0111392,0.000699478,0.00779142,0.00272111,0.00125037,0.000470315,0.00777473,0.0158765,6.01E-05,0.00445988,0.000239834,7.04E-07,0.00804903,0.00738566,0.00214726,0.00444935,3.46E-07,0.00296333,0,1.71E-05,8.46E-05,0.000236053,0,0.0149945,2.82E-06,4.85E-06,8.72E-06,1.49E-05,0.00653651,0.00437333,0.00136131,0.0119769,0.000917828,0.0161462,3.14E-05,9.07E-06,0.0121659,0.0401315,0.02237,0.00633975,0.00189179,0.0245073,0.0142095,0.0108488,0.0169322,0.0107191,0.0199768,0.00982474,0.0180155,0.00847138,0.000508701,0.0021389,0.0102843,0.014547,0,0,0.000572145,0.000227872,0.00178694,0.00619298,0.01346,0.000978454,0,0.000310037,1.65E-05,0.00437838,0.0274629,0.0115306,0.00232275,8.17E-05,7.01E-06,0.00451251,0.0021401,0.00087653,0.00165968,0.000137567,0.000565604,0.0271038,0.00227155,0.000948188,0.00868253,0.0106797,0.00511149,0.00929399,0.00175376,0.0162588,0.00803022,0.00982018,0.00767248,0.00799237,0.007673,2.15E-05,0.0105712,3.92E-05,0.0105222,0.00085447,0,0.00330069,9.79E-05,3.41E-06,2.57E-07,0,0.00131011,0.000607011,7.12E-07,0.000281116,0.000565682,0.0015194,1.71E-06,0.000398753,0.000346142,5.37E-05,0.000320263,0.000665745,6.30E-05,0.000141982,1.94E-05,4.56E-06
sample16,665,227,0,16,91,20.525,38.781,10,30.361,39.291,4.379,0.001,0.2721,0.23,0.13,2.8596,66.0508,4.37145,0.859236,1,0.0108059,0.0169099,0.0136653,0.00506639,0.00684131,0.00212888,0.00337287,0.0238799,0.00477148,0.000181672,3.86E-05,0.0109922,7.20E-05,0.0110387,0.00832124,0.000882044,0.0105914,0.0133446,0.0209085,0,0.016909,0.014716,0.00679262,0.000634967,0.0352871,0.0165626,0.00389153,0.0010592,0,0.00968272,0.0180279,0.00349784,0.00369688,0.000443726,0.00107455,0.000191518,2.40E-06,0.00413714,0.0161101,0.00679844,0.00792565,0.000335414,0.0229977,0.00498883,0.0184974,0.010452,0.0141289,0.00469892,0.000444406,0.000124248,0.00777986,0.00855552,1.68E-06,0.00103239,5.91E-05,0,0.0110312,0.0173843,0.00464099,0.00323818,2.12E-06,0.00460077,2.89E-05,0.00216673,0.00307657,5.16E-05,0,0.0157867,3.61E-06,3.58E-06,1.78E-06,0.000750481,0.00523914,0.00215069,0.00100156,0.00792606,0.000155904,0.0130666,3.92E-06,0.000244404,0.0071109,0.0265845,0.0232486,0.00424482,0.00238235,0.0170869,0.0175948,0.0133042,0.0115026,0.0133455,0.0186518,0.0106633,0.0304252,0.0149322,0.000314252,0.000973034,0.0118306,0.0147973,0,0,0.00334186,0.00692515,0.00305514,0.00461259,0.0139016,0.000341689,0,6.49E-05,0,0.00566032,0.0252621,0.00777151,0.00312057,2.01E-05,6.96E-06,0.00479368,0.00228169,0.000450641,0.000777156,3.87E-05,0.000433246,0.0209242,0.000308074,0,0.00843356,0.00658913,3.90E-06,0.0131264,3.35E-05,0.0196867,0.00949754,0.0106299,0.0101451,0.0119524,0.0146056,2.65E-05,0.0149181,1.49E-05,0.00973555,0.00017034,0,0.00280019,0.000318549,0,3.13E-07,0,0.00140977,0.000246664,1.06E-06,1.57E-05,8.40E-05,0.00218489,1.18E-06,0,0.000105947,8.04E-06,0.000624608,0.00142699,0.000207927,0,3.31E-06,2.80E-07
sample17,665,323,0,16,91,20.525,38.781,25,30.365,39.291,4.379,0.001,0.2737,0.2,0.16,2.1038,64.5066,4.35015,0.85505,1,0.0119713,0.0179393,0.0157064,0.00491768,0.00701529,0.00199087,0.00293352,0.0235881,0.00485317,0.000281859,2.23E-05,0.00938945,0.000108695,0.0110403,0.0142395,0.00133572,0.0107181,0.0136339,0.0210417,0,0.0168016,0.0144675,0.00699253,0.00109502,0.037179,0.0159163,0.00418347,0.0017006,0,0.0102166,0.0164655,0.0032152,0.0033218,0.0005029,0.000166251,0.000122384,3.65E-06,0.00425734,0.0150406,0.0067795,0.00255581,0.000254508,0.0214188,0,0.017193,0.0113021,0.014035,0.00547879,0.000579955,0.000267586,0.00722564,0.00898243,5.82E-06,0.000810935,7.80E-05,5.04E-07,0.00904676,0.0153771,0.00538023,0.00350306,3.67E-06,0.00398729,0,0.00189194,0.00270863,8.33E-05,0,0.0156561,0,3.12E-06,1.21E-06,2.78E-06,0.00493512,0.00223547,0.00139114,0.00861522,0.000202892,0.0125057,2.50E-06,0.000354447,0.00789709,0.0310958,0.0240569,0.00445884,0.00269337,0.0174414,0.0186056,0.0129534,0.0106624,0.0137553,0.0201541,0.0134191,0.0291213,0.0157121,0.00044618,0.00101448,0.0144331,0.0152745,0,0,0.000404891,0.00765603,0.004063,0.00487987,0.0139586,0.000471303,0,6.73E-05,0,0.00528403,0.0240156,0.00797667,0.00337823,2.23E-05,1.15E-05,0.00486613,0.00222994,0.000506074,0.000956603,4.55E-05,0.000478621,0.0236167,0.000421639,7.53E-07,0.00836696,0.00727419,1.30E-05,0.0118287,2.71E-05,0.018386,0.00899614,0.00940202,0.00972036,0.011347,0.0141894,8.15E-06,0.0135963,1.82E-05,0.00999194,0.000254638,0,0.00293838,0.000192988,9.04E-07,3.58E-07,0,0.00190536,0.000447606,2.18E-06,1.67E-05,7.94E-05,0.00165443,5.20E-07,0,0.000119885,9.91E-06,0.00041067,0.00093535,0.000123121,0,4.33E-06,3.63E-07
sample18,665,394,0,16,91,20.525,38.781,50,28.495,39.43,4.635,0.0575,0.2578,4.23,0.22,2.6042,64.7178,4.34301,0.853646,1,0.0107162,0.0155462,0.0149139,0.00523581,0.00714136,0.00232397,0.00326233,0.0218469,0.00441781,0.000152365,1.26E-05,0.0129234,7.09E-05,0.00960923,0.010669,0.0011763,0.0109522,0.013522,0.0198232,0,0.0156444,0.0137088,0.00583297,0.000666317,0.0339083,0.0167359,0.00389642,0.00185947,0,0.010341,0.0170465,0.00334115,0.00356237,0.000552365,7.96E-05,6.53E-05,1.39E-06,0.00384907,0.0161192,0.00684587,0.0024266,0.000264883,0.0209447,0,0.0224181,0.0119628,0.0141666,0.00565439,0.000555012,0.000148063,0.00817634,0.00979941,2.04E-06,0.000942974,4.72E-05,0,0.00968908,0.0193987,0.00534696,0.00311051,1.01E-06,0.0044775,0,0.00212518,0.00258694,3.92E-05,0,0.0143278,0,7.78E-07,8.54E-07,1.03E-06,0.00478316,0.00174374,0.0011204,0.00724093,0.000119521,0.0113397,4.82E-06,0.000118547,0.00633328,0.0289549,0.0234074,0.00392353,0.00260139,0.0155869,0.0192819,0.0143664,0.0113317,0.0132728,0.0191918,0.0149069,0.0301786,0.0175469,0.000217504,0.000753649,0.014177,0.0149291,0,4.10E-06,0.000252289,0.00763456,0.00452432,0.00430806,0.0130146,0.000316868,0.00123268,9.09E-05,0,0.00629346,0.025211,0.00797153,0.00318975,2.44E-05,5.27E-06,0.00448848,0.00214234,0.00027943,0.000411614,3.43E-05,0.000547399,0.0224866,0.000436756,7.74E-07,0.00845748,0.00617386,1.15E-05,0.0143796,2.34E-05,0.0196481,0.00948496,0.0106883,0.0103456,0.0131969,0.0164332,4.45E-06,0.0134462,1.42E-05,0.0102125,0.000245433,0,0.00264826,0.00022528,1.85E-06,2.50E-07,0,0.00144698,0.000317655,8.29E-06,1.50E-05,0.000121105,0.00136912,2.03E-06,0,6.71E-05,3.19E-06,0.000466186,0.00107206,0.000145686,0,3.09E-06,0
sample19,665,467,0,16,91,20.525,38.781,100,24.118,40.103,3.484,0.2267,0.242,0.23,0.17,2.7983,62.9415,4.37702,0.860332,1,0.0106067,0.0228871,0.0114279,0.00476257,0.00689094,0.00230195,0.00352735,0.0212255,0.00750346,0.000707987,0.000132097,0.00771724,0.000225619,0.0109295,0.00335039,0.000357281,0.0107309,0.0140853,0.0227537,0,0.0197622,0.0147472,0.0104055,0.00168352,0.0400847,0.0149693,0.00521078,0.000661885,0,0.00958805,0.0161023,0.00438811,0.00477049,0.000318184,0.00238175,0.000201421,1.27E-05,0.0060355,0.0140416,0.00789114,0.0111999,0.000678596,0.0225985,0,0.0110012,0.00613191,0.0100646,0.00384069,0.00053115,0.000482908,0.00787496,0.0103482,3.61E-05,0.0013971,0.000165782,0,0.00922277,0.011816,0.00337279,0.00376646,2.85E-06,0.00376222,0,0.00212877,0.000564549,0.000131711,0,0.0164017,5.49E-07,6.05E-06,7.20E-06,0.00128521,0.00650113,0.00358034,0.00136566,0.00982672,0.000322701,0.0165727,3.98E-06,5.27E-05,0.0101854,0.0404265,0.0243029,0.0053339,0.00219965,0.0227831,0.0129229,0.0107141,0.0129505,0.0118116,0.0179298,0.00621725,0.0263156,0.0113649,0.000514273,0.00152142,0.00804545,0.0136456,0,0,0.00506894,0.00314581,0.00310227,0.00567751,0.013468,0.00313882,0.00279283,0.000247155,1.96E-06,0.0047226,0.0259542,0.00761974,0.0024186,7.41E-05,5.00E-06,0.004608,0.00211776,0.000612703,0.00129118,0.000105321,0.000493857,0.0274855,0.000633606,0.000214796,0.00894971,0.00870456,0.00110799,0.0112698,0.000559862,0.0189649,0.00981637,0.00947734,0.00929662,0.00940785,0.0113906,9.82E-05,0.0139039,3.57E-05,0.0105293,0.000295227,0,0.00280528,0.000178235,6.06E-06,3.57E-07,0,0.00156905,0.000626532,3.50E-07,9.65E-05,0.00045144,0.00153441,1.30E-06,7.88E-05,0.000189898,3.42E-05,0.000577322,0.00131225,0.000109069,0,8.83E-06,8.67E-07
sample20,665,538,0,16,91,20.525,38.781,200,21.938,40.45,1.673,0.001,0.2437,12.1,0.64,7.9455,64.0538,4.39071,0.863023,1,0.011473,0.0233828,0.011362,0.00365961,0.00684078,0.00269512,0.0027862,0.0174616,0.00746456,0.0106598,0.000166368,0.00711801,0.000399149,0.0105633,0.000818444,0.000174714,0.0110094,0.0140893,0.0232456,0,0.0196614,0.0149336,0.0118856,0.0015317,0.0404364,0.0162879,0.00489976,0.000796513,1.35E-05,0.00971771,0.0165225,0.00469705,0.00482352,0.000304114,0.00311182,0.000289376,1.30E-05,0.00631456,0.0140644,0.00713988,0.00895511,0.0012123,0.0224997,0.00580476,0.0119338,0.00485593,0.00813964,0.00279925,0.0011155,0.000695708,0.00793202,0.0153753,6.57E-05,0.00438406,0.000317751,8.20E-07,0.0079008,0.00843927,0.00234716,0.00421857,4.08E-07,0.00292725,0,1.94E-05,0.000261844,0.000292984,2.30E-07,0.0147792,8.28E-06,8.30E-06,1.30E-06,2.20E-05,0.0066622,0.0044912,0.00164416,0.0115697,0.000884278,0.0159056,7.81E-06,7.21E-05,0.0115118,0.039392,0.0224961,0.00586269,0.0017431,0.0238544,0.0139612,0.0105962,0.0162422,0.0108112,0.0194307,0.00941167,0.0199755,0.00937893,0.000679779,0.00206405,0.00964468,0.0139838,0,0,0.00490731,0.000737099,0.00205471,0.00591035,0.012674,0.00130126,0,0.000395767,2.45E-05,0.00436303,0.0275335,0.0115478,0.00238072,0.000143979,1.11E-05,0.00437371,0.00201333,0.000508469,0.00115272,0.00012265,0.000564366,0.0272553,0.00197547,0.000758584,0.00881181,0.00983879,0.00444261,0.00958181,0.00139955,0.0162899,0.00826591,0.00978937,0.00806279,0.00832906,0.00860346,5.12E-05,0.0109735,4.95E-05,0.0106295,0.000751294,0,0.00320073,0.000100493,7.58E-08,9.82E-07,0,0.00142358,0.000586488,1.58E-06,0.000222533,0.000502891,0.0013526,1.40E-06,0.000271709,0.000154368,3.49E-05,0.000304264,0.000644791,6.18E-05,0.000118545,2.14E-05,9.69E-06
sample21,665,633,0,16,91,20.525,38.781,500,21.575,40.531,0.915,0.001,0.235,17.5,0.96,16.749,72.5774,4.4751,0.879609,1,0.0114721,0.0207224,0.0112557,0.00361493,0.00608961,0.00284705,0.00266123,0.0171528,0.00909234,0.0123908,0.000136976,0.00763112,0.000283701,0.0093318,0.000695036,8.57E-05,0.0105067,0.0129453,0.0209323,0,0.0173665,0.0141974,0.0126285,0.00543932,0.0344714,0.0155718,0.00567215,0.00107718,2.89E-05,0.0103103,0.0149163,0.00477456,0.00520516,0.000352406,0.00383697,0.000505994,2.02E-05,0.00665661,0.0133912,0.00789409,0.00867147,0.00135246,0.0190661,0.00564675,0.0129937,0.00618157,0.0090738,0.00331489,0.00108217,0.000551576,0.00736588,0.0139907,4.65E-05,0.00372607,0.000270737,5.59E-07,0.00964219,0.0105327,0.002904,0.00396475,1.87E-06,0.00398413,0.000508132,3.14E-05,0.00060964,0.000207212,0,0.0145149,9.05E-06,4.46E-06,6.93E-06,1.80E-05,0.00756876,0.00487867,0.00219432,0.0113714,0.00116087,0.0149014,9.40E-05,4.90E-05,0.0116033,0.0330787,0.0206901,0.00560391,0.0020506,0.0207874,0.0140888,0.0103262,0.0158844,0.0110423,0.0174063,0.011351,0.0189627,0.00968219,0.000462535,0.00232245,0.00871366,0.0135229,0,0,0.00669083,0.000487463,0.00267507,0.00686215,0.0118524,0.00626801,0.00203527,0.000220167,9.23E-06,0.00461202,0.0243259,0.0104387,0.00457833,0.000166128,1.09E-05,0.004907,0.00326704,0.00616039,0.00566691,0.000486415,0.000801898,0.0234834,0.0016496,0.000615477,0.0086384,0.00908953,0.00339975,0.0095339,0.00106471,0.0161304,0.00930514,0.00966737,0.007707,0.0096656,0.00988126,8.87E-05,0.0110773,5.93E-05,0.0114937,0.000672854,0,0.00343494,8.70E-05,1.00E-06,2.40E-07,0,0.00141742,0.000609722,1.66E-06,0.000236925,0.00037852,0.00136519,1.13E-06,0.000241872,0.00106998,0.000219328,0.000257373,0.00052658,4.93E-05,9.41E-05,1.98E-05,5.62E-06
sample22,594,221,0,16,108,22.046,37.929,10,30.529,39.37,4.368,0.001,0.2475,0.44,0.14,1.634,66.2908,4.38687,0.862268,1,0.0111342,0.0194944,0.0140496,0.00502268,0.00669085,0.0022971,0.00325316,0.0227347,0.00649204,0.000510638,0.000208563,0.00901971,0.000234615,0.0112047,0.0081513,0.000759724,0.010536,0.013268,0.0211439,0,0.0169667,0.0141774,0.00893375,0.00118186,0.0367667,0.0158625,0.00488348,0.00145842,0,0.00974827,0.0169685,0.00391605,0.00424251,0.000603011,0.00182449,0.000196847,9.48E-06,0.0051557,0.0148216,0.0075196,0.0082638,0.000441505,0.0208223,0,0.0160135,0.00986441,0.0132887,0.00485472,0.000423744,0.000199221,0.00729425,0.00865928,2.59E-06,0.000807301,8.95E-05,0,0.00856689,0.0148326,0.00446243,0.00359614,2.00E-05,0.00430183,0,0.00208229,0.00219224,0.000119826,0,0.0161603,6.25E-06,1.13E-05,7.16E-06,1.41E-05,0.00569606,0.00315115,0.00160694,0.00933997,0.000428153,0.0140806,1.23E-05,0.000304625,0.00880642,0.0326958,0.0228235,0.00457877,0.00233616,0.018948,0.0162746,0.0115771,0.0115544,0.0131345,0.0191287,0.0105737,0.0287382,0.0144576,0.000606975,0.00129754,0.0112961,0.0142395,0,0,0.00451564,0.0059021,0.00358532,0.00530349,0.0135847,0.000829727,0,9.21E-05,1.28E-06,0.00499214,0.0238321,0.00830795,0.00309553,0.000107983,7.85E-06,0.00480198,0.00247063,0.000690101,0.00190288,0.000137589,0.000539166,0.0237631,0.000296539,0,0.00848973,0.0075328,7.29E-06,0.0116356,0.000194165,0.0187216,0.00978072,0.010012,0.00963196,0.0108712,0.0135912,0.00034564,0.013986,3.08E-05,0.010146,0.000208903,0,0.00317857,0.00023622,0,3.19E-07,0,0.00166072,0.00036883,1.36E-06,6.27E-05,9.48E-05,0.00174421,1.48E-06,0,0.000165392,1.85E-05,0.000567198,0.00126523,0.000150463,0,9.86E-06,2.96E-07
sample23,594,316,0,16,108,22.046,37.929,25,30.509,39.373,4.378,0.001,0.2498,0.39,0.2,1.8281,65.8698,4.37955,0.860828,1,0.0106255,0.0181344,0.0138246,0.00528593,0.00662343,0.00220491,0.00331857,0.0227039,0.00571163,0.000266048,6.32E-05,0.0102465,0.000147618,0.0104956,0.00814866,0.000845327,0.0105977,0.0133392,0.0205188,0,0.0162799,0.0139939,0.00759995,0.00112088,0.0360627,0.0162936,0.00446156,0.00157965,0,0.00987798,0.0169655,0.00369312,0.00391405,0.000562377,0.00149748,0.00017582,1.05E-05,0.00469974,0.0151212,0.00753091,0.00785791,0.000379494,0.0205406,0.00468803,0.017515,0.010513,0.0132614,0.00480229,0.000479656,0.000204355,0.00739926,0.00867169,1.45E-05,0.000764499,8.77E-05,0,0.00927031,0.0162399,0.00461715,0.00345736,3.17E-06,0.00426996,0,0.00197168,0.00174462,0.000123298,0,0.0154174,4.45E-07,2.10E-06,1.50E-06,7.56E-06,0.0056231,0.00263677,0.00141422,0.00863699,0.000280811,0.013487,5.09E-06,0.000308439,0.00792549,0.0330268,0.0223568,0.00429038,0.00237363,0.0179435,0.0170508,0.012525,0.0106487,0.013095,0.0192803,0.0109163,0.0297564,0.0154222,0.000395749,0.00115726,0.0119358,0.0143075,0,0,0.00403587,0.00617771,0.00397957,0.0049168,0.0130596,0.000673981,0,9.04E-05,0,0.00534788,0.0243363,0.0078321,0.00297506,8.36E-05,6.80E-06,0.00464081,0.00235393,0.000603243,0.00138726,0.000113129,0.000571117,0.0247096,0.000351275,6.33E-07,0.00864758,0.00733392,1.25E-05,0.0125671,6.11E-05,0.0195015,0.00995637,0.0101256,0.00957621,0.0114521,0.0142968,7.47E-05,0.0138368,2.52E-05,0.009829,0.000204804,3.84E-05,0.00293733,0.000228666,6.73E-08,3.03E-07,0,0.00157345,0.000304613,2.69E-06,2.22E-05,8.08E-05,0.00153046,5.73E-07,0,0.000116464,1.09E-05,0.000493534,0.00110642,0.00014518,0,9.90E-06,1.79E-06
sample24,594,388,0,16,108,22.046,37.929,50,30.436,39.368,4.382,0.0024,0.256,0.06,0.13,2.0834,66.2324,4.38132,0.861176,1,0.0105755,0.0175087,0.01439,0.00531169,0.00678653,0.00231088,0.00324844,0.0223099,0.00555517,0.000386526,5.84E-05,0.0107626,0.000159447,0.0100599,0.00843406,0.000944756,0.010833,0.0134873,0.0203123,0,0.0158437,0.0137696,0.00734354,0.00117326,0.0353728,0.01632,0.00446907,0.00170726,0,0.0100699,0.0167379,0.00366349,0.0039058,0.000537102,0.00145998,0.000160151,3.11E-06,0.00461794,0.0153013,0.00734605,0.00760404,0.000342611,0.0205108,0.00462893,0.0192423,0.0110178,0.0133881,0.00511269,0.00053924,0.000208327,0.00763827,0.00920381,9.14E-06,0.000861108,0.000103311,5.00E-07,0.00911455,0.0167341,0.0047813,0.00341085,5.43E-06,0.00421846,0,0.00204638,0.00175077,0.000119783,0,0.0150475,1.08E-06,3.30E-06,2.01E-06,7.11E-06,0.005388,0.00246539,0.00142893,0.00853964,0.000307854,0.0129712,9.69E-06,0.000251412,0.00749596,0.0323358,0.0224547,0.00420636,0.00238085,0.0173699,0.0172716,0.0131068,0.0104404,0.0128684,0.0189556,0.0120771,0.0284941,0.016229,0.000388198,0.0010215,0.0125962,0.0144141,0,0,0.000436781,0.00641319,0.00435529,0.0047594,0.0130292,0.000712009,0.00168536,9.63E-05,2.75E-06,0.00552571,0.0241452,0.00813446,0.0030546,6.11E-05,7.62E-06,0.00465934,0.00228734,0.000653102,0.00135225,9.68E-05,0.000601031,0.0247064,0.000397513,2.28E-06,0.00860911,0.00708411,2.41E-05,0.0130732,8.67E-05,0.0192062,0.00965473,0.0100913,0.00967586,0.0120127,0.0148406,5.98E-05,0.0137262,2.53E-05,0.00984767,0.000224981,0,0.0028338,0.000198997,3.06E-06,3.28E-07,0,0.00157093,0.000326633,7.01E-06,2.19E-05,9.38E-05,0.0013993,9.75E-07,7.67E-07,0.000139568,1.24E-05,0.00045538,0.00102355,0.000127609,0,6.97E-06,3.06E-07
sample25,594,460,0,16,108,22.046,37.929,100,24.214,40.119,3.995,0.4532,0.249,2.4,0.2,2.6042,61.9661,4.35583,0.856167,1,0.0105703,0.0228239,0.0115182,0.0048814,0.00690853,0.00217154,0.00356989,0.0225575,0.00705761,0.000523694,0.000137794,0.00769529,0.000213651,0.0114414,0.0036029,0.000408927,0.0105397,0.0140147,0.0228881,0,0.0204235,0.0150436,0.00992614,0.00112924,0.0404647,0.0148855,0.00503699,0.000706297,0,0.00964754,0.016766,0.00426815,0.00472027,0.000401888,0.00203447,0.00020592,8.17E-06,0.0058013,0.0144885,0.00792997,0.0115037,0.000570881,0.0228916,0,0.0109095,0.00653093,0.010614,0.00376914,0.000447688,0.000352052,0.00770633,0.0097298,2.69E-05,0.00138644,0.000123103,8.22E-07,0.00965266,0.0125768,0.00357361,0.0037081,5.57E-06,0.00387798,0,0.00208347,0.00062349,0.000109128,0,0.0168125,3.27E-06,2.44E-06,1.91E-06,0.00108751,0.00640353,0.00329502,0.00118151,0.00961954,0.000295564,0.0167586,3.74E-06,6.47E-05,0.00995899,0.0395599,0.0246692,0.00524241,0.00225527,0.0226752,0.0130903,0.0107986,0.012254,0.0116032,0.0181322,0.00579893,0.0284292,0.0118673,0.00040099,0.00141114,0.00807508,0.0133745,0,0,0.0047287,0.00385864,0.00287322,0.00569168,0.0136224,0.00251222,0,0.000179626,2.38E-06,0.00481117,0.026101,0.00697455,0.00232799,4.41E-05,7.47E-06,0.00474524,0.0020116,0.00041484,0.000904141,7.99E-05,0.000444479,0.0264,0.000461572,0.000130392,0.00890897,0.00843823,0.000677768,0.0114042,0.000429991,0.019668,0.00997179,0.00931879,0.00955804,0.00962716,0.012132,0.000109335,0.0143554,2.54E-05,0.010728,0.000215978,0,0.00279541,0.000187934,2.66E-06,3.41E-07,0,0.00157596,0.000460469,3.42E-06,6.84E-05,0.000433623,0.00174853,7.36E-07,4.45E-05,0.000124688,1.77E-05,0.000671946,0.00152431,0.000122741,0,6.39E-06,1.05E-06
sample26,594,532,0,16,108,22.046,37.929,200,22.118,40.42,2.786,0.001,0.2377,9.79,0.52,7.1285,63.0854,4.37703,0.860333,1,0.0115091,0.0233358,0.0115353,0.00360114,0.00701474,0.00264987,0.000541563,0.0165037,0.00730509,0.0115136,0.000201786,0.00706227,0.000263661,0.0110537,0.000319551,2.84E-05,0.0112157,0.0144474,0.0237159,0,0.0204552,0.0154948,0.0116495,0.00152923,0.0416654,0.0169498,0.00485339,0.000539044,1.11E-05,0.00980362,0.0169824,0.00471104,0.00485748,0.000313079,0.00311541,0.000297978,2.71E-05,0.00580239,0.0147202,0.00699051,0.00907147,0.00116202,0.0225154,0.00539904,0.0117676,0.000870202,0.00800115,0.00263793,0.00117173,0.000415507,0.00795144,0.0156305,9.83E-05,0.00432589,0.000205555,0,0.00789594,0.00809847,0.0022362,0.00447082,2.46E-06,0.00308895,0,1.39E-05,0.000430344,0.000176308,0,0.0144692,5.86E-06,6.27E-06,1.19E-05,3.44E-05,0.00661441,0.00458628,0.00151537,0.0114777,0.00060242,0.0157903,4.71E-06,6.09E-05,0.0117176,0.0396559,0.0226936,0.00584456,0.00182876,0.0237992,0.0140833,0.011011,0.0163391,0.0112633,0.0199397,0.00953617,0.0193045,0.00886522,0.000580412,0.00220553,0.0103111,0.0146419,0,0,0.00469132,0.000517412,0.00183264,0.00588515,0.0129668,0.00123032,0.00195247,0.000243454,1.28E-05,0.00463025,0.0274484,0.0109963,0.0024027,0.000200864,3.60E-06,0.00446716,0.00205403,0.000559091,0.0011725,0.000144558,0.000544855,0.0270768,0.00213588,0.000889123,0.00852293,0.0104067,0.00486276,0.00950083,0.00161842,0.0166776,0.00823814,0.00968006,0.00786562,0.00804166,0.0079834,6.19E-05,0.010951,4.26E-05,0.0105644,0.000821002,0,0.0032016,0.000111535,2.32E-06,1.30E-06,0,0.00123145,0.000588024,6.47E-07,0.000216203,0.000477454,0.00148437,1.82E-06,0.000354544,0.000170328,4.34E-05,0.000310503,0.000684143,6.35E-05,0.000114728,1.40E-05,6.03E-06
sample27,594,627,0,16,108,22.046,37.929,500,21.575,40.532,1.003,0.001,0.2229,18.6,1.12,13.889,64.6853,4.38943,0.862771,1,0.0119512,0.0233865,0.0119143,0.00339648,0.00669758,0.00291493,0.000542379,0.0159758,0.0074744,0.012547,0.000207315,0.0076888,0.000289231,0.0107771,0.000830478,6.91E-05,0.0113216,0.014265,0.0235682,0,0.0195777,0.0149233,0.0119671,0.00171645,0.0394498,0.0173099,0.00513129,0.000661786,0,0.0100941,0.0168347,0.00483477,0.00490827,0.000264933,0.00313767,0.00028393,1.10E-05,0.00600046,0.0145005,0.00690691,0.00848979,0.00135515,0.0219057,0.00575997,0.012121,0.00120842,0.00826996,0.00298644,0.00127767,0.000445791,0.00778496,0.0159728,7.47E-05,0.00410332,0.000224372,0,0.00749514,0.00826304,0.00229916,0.0044164,1.88E-06,0.0031349,0,1.66E-05,0.000456206,0.000199716,2.11E-07,0.0144456,6.82E-06,4.64E-06,7.64E-06,1.49E-05,0.0065837,0.00465728,0.00163662,0.0114765,0.000607113,0.0152112,2.13E-05,5.94E-05,0.0119843,0.0372356,0.0213865,0.00598872,0.00180479,0.0234729,0.0146566,0.0112522,0.0172149,0.0112786,0.0198048,0.0110296,0.0187509,0.00921049,0.000441323,0.00224601,0.010879,0.0148026,0,0,0.000573346,0.000582579,0.00223113,0.00616606,0.012688,0.00111025,0,0.0002872,6.43E-06,0.00451745,0.0271577,0.0118249,0.00299148,0.000172894,1.36E-05,0.00442455,0.00233992,0.00126352,0.00255817,0.000212579,0.000602353,0.0271188,0.00237821,0.000960519,0.00855414,0.0106168,0.00533485,0.00970317,0.00179903,0.0162242,0.00820218,0.010059,0.00781692,0.00859607,0.00822721,0.000131422,0.0104964,4.51E-05,0.0107348,0.000882542,0,0.00339741,7.56E-05,3.76E-06,2.62E-07,0,0.00125257,0.000638702,4.80E-06,0.000300865,0.000463635,0.00141357,8.50E-07,0.000392261,0.000471911,7.15E-05,0.000298463,0.000642848,4.52E-05,0.000132549,1.40E-05,5.71E-06
sample28,521.5,215,0,16,149,23.604,37.054,10,29.8,40.017,4.373,0.001,0.2435,0.24,0.1,2.1842,66.1689,4.38671,0.862236,1,0.0111006,0.0196563,0.0141069,0.00514739,0.00676425,0.00234577,0.00324893,0.0227517,0.0065714,0.000458656,0.000145547,0.00916462,0.000224185,0.0109731,0.00730009,0.000784604,0.0105801,0.0132413,0.0208273,0,0.0168884,0.0140334,0.0090452,0.00119339,0.0362472,0.0161012,0.00495256,0.00128004,0,0.00959778,0.0167502,0.00406437,0.00438532,0.000738735,0.00207909,0.000339877,9.99E-06,0.00539954,0.0149036,0.00757449,0.00788299,0.000474044,0.0204186,0,0.0169336,0.00976237,0.0130922,0.00477952,0.000430082,0.000185543,0.00723514,0.00867089,3.68E-06,0.000786624,0.000108257,0,0.00826231,0.0152362,0.00440031,0.00364613,1.22E-05,0.0042335,0,0.00197118,0.00176468,0.000129704,0,0.0160628,1.29E-05,4.13E-06,3.52E-06,2.42E-05,0.00577783,0.00336765,0.0017281,0.00948877,0.000536836,0.0140497,1.27E-05,0.000337787,0.00913381,0.0341977,0.0224592,0.00457262,0.00218458,0.0190704,0.0158046,0.0117248,0.0110972,0.0130956,0.0191318,0.0101474,0.0283255,0.0138977,0.000609629,0.00138015,0.0113242,0.0145838,0,0,0.00472517,0.00571786,0.0034372,0.00511689,0.0132389,0.000902704,0,0.000108674,0,0.005053,0.0239409,0.00860236,0.0030659,9.96E-05,8.88E-06,0.00492501,0.00248422,0.000749033,0.00196639,0.000148875,0.000512109,0.0245505,0.000273099,3.61E-07,0.00879171,0.00747452,7.04E-06,0.0117622,0.000164908,0.0186163,0.00989248,0.01021,0.00969688,0.0110586,0.0135802,0.000351463,0.0139656,2.90E-05,0.00968172,0.000200438,0,0.00321634,0.000247941,1.29E-06,3.28E-07,0,0.00160724,0.000331668,2.70E-06,6.37E-05,8.63E-05,0.00174426,1.13E-06,0,0.000141394,1.03E-05,0.00052688,0.00119531,0.000160514,0,7.31E-06,3.46E-07
sample29,521.5,310,0,16,149,23.604,37.054,25,29.802,40.017,4.38,0.001,0.2435,0.08,0.07,2.3688,65.306,4.38923,0.862731,1,0.0111506,0.0214774,0.0132082,0.00510526,0.00638652,0.0020892,0.00348594,0.0236081,0.00669333,0.000334528,9.36E-05,0.00826978,0.00022147,0.0117704,0.0068872,0.000631845,0.0104243,0.0133842,0.0216411,0,0.0175407,0.0142276,0.00913274,0.0016127,0.0387443,0.0151397,0.00514455,0.00112918,0,0.00935651,0.0164851,0.00388727,0.00416332,0.00054928,0.00187261,0.000178474,7.36E-06,0.00550293,0.0141854,0.00773949,0.0090402,0.000351329,0.0209712,0.00549618,0.0141016,0.0086363,0.0127217,0.00416173,0.000390971,0.000332536,0.00674962,0.00824978,0.000186936,0.000849831,0.000154633,1.03E-06,0.00877075,0.0135847,0.00424018,0.00374159,1.05E-05,0.00403044,0,0.00214619,0.00170185,0.000166443,0,0.01665,3.41E-06,6.16E-06,2.32E-06,0.00108347,0.00638647,0.00349233,0.00148804,0.00989319,0.000479642,0.0150467,6.16E-06,0.000283243,0.00975566,0.0360824,0.0227756,0.00480768,0.00228092,0.0206446,0.0146724,0.0108687,0.0109388,0.0127075,0.0188313,0.00870603,0.0277523,0.0132211,0.000503193,0.00144008,0.010412,0.0139003,0,0,0.00482194,0.00527129,0.00325791,0.00540363,0.0131961,0.000892088,0,0.000107323,0,0.00473488,0.0242632,0.00848032,0.00303756,0.000109483,5.56E-06,0.0049072,0.00243981,0.000806646,0.00184497,0.000159576,0.000447852,0.0248657,0.000273945,8.07E-07,0.00881265,0.00782324,1.13E-05,0.0110236,0.000114353,0.018216,0.0094794,0.00939784,0.0092762,0.0100194,0.0126164,0.000162492,0.0147253,3.46E-05,0.00964024,0.000202896,0,0.00318005,0.000256837,0,3.68E-07,0,0.00180386,0.000288462,1.72E-06,3.22E-05,8.77E-05,0.00198794,2.88E-06,0,0.000143584,3.89E-06,0.000560778,0.00121729,0.000164203,0,1.11E-05,1.52E-06
sample30,521.5,382,0,16,149,23.604,37.054,50,27.539,39.86,4.682,0.002,0.2505,0.15,0.07,2.0774,66.5449,4.39669,0.864199,1,0.0111027,0.0197289,0.014213,0.00510735,0.00672249,0.00229858,0.00319878,0.0223461,0.00661639,0.000505309,0.000159171,0.00885678,0.000269286,0.0105728,0.00781295,0.000783518,0.0106877,0.0137119,0.0206255,0,0.0162252,0.013854,0.00890207,0.00176302,0.0368088,0.0152471,0.00502369,0.00145246,0,0.00951539,0.0160144,0.00362708,0.00412633,0.000626145,0.00199764,0.000224223,2.49E-06,0.00541344,0.0143138,0.00750568,0.0077058,0.000379266,0.0202424,0.00540896,0.0163063,0.010054,0.0129588,0.00471357,0.000469558,0.000382284,0.00725759,0.00928617,8.84E-05,0.000951101,0.000159917,0,0.00879032,0.014607,0.00433704,0.00342043,1.11E-05,0.00392079,0,0.00228212,0.00184058,0.000138886,0,0.0155028,4.07E-06,1.24E-05,2.67E-06,7.98E-06,0.00566621,0.00327823,0.00165128,0.00945482,0.000498346,0.0137865,9.63E-06,0.000155187,0.00888883,0.0339621,0.0228243,0.00459586,0.00217311,0.0190749,0.0156269,0.0118482,0.0115803,0.0129527,0.019174,0.0103928,0.0292498,0.0137628,0.000568444,0.00121058,0.0114297,0.0141924,0,1.03E-05,0.00490516,0.00567625,0.00336967,0.00511675,0.0124921,0.00103937,0,0.000124887,3.08E-06,0.00480391,0.0242026,0.00903074,0.00314802,9.96E-05,7.09E-06,0.00464341,0.00240182,0.00076466,0.00183325,0.000143246,0.000537814,0.0246708,0.000341797,0,0.00887624,0.00748635,4.01E-05,0.0116488,0.000189722,0.0181379,0.00938128,0.0101326,0.0096356,0.0109261,0.0135374,0.000205884,0.0140969,4.03E-05,0.00969924,0.000252692,0,0.00324743,0.000190179,3.44E-06,3.42E-07,0,0.00179758,0.000345239,1.77E-06,5.36E-05,0.000114227,0.00159082,1.30E-06,4.29E-07,0.0001469,7.89E-06,0.000462579,0.00104012,0.000119928,0,9.67E-06,7.00E-07
sample31,521.5,454,0,16,149,23.604,37.054,100,24.549,40.077,4.432,0.3989,0.2494,0.4,0.16,2.6601,61.9649,4.36304,0.857584,1,0.0111136,0.0239245,0.0123464,0.00457047,0.00738102,0.00231146,0.00352917,0.0221394,0.00694146,0.000561419,0.000188167,0.00732735,0.000249627,0.0125677,0.00570319,0.0006661,0.0106982,0.0144063,0.0226407,1.39E-06,0.0192968,0.0150362,0.0102039,0.00135271,0.042537,0.0145355,0.00508149,0.000697302,0,0.00951617,0.0165701,0.00410773,0.00439953,0.000335536,0.00213966,0.000159495,4.73E-06,0.00561716,0.013843,0.00783703,0.010152,0.0004775,0.0231198,0,0.00945595,0.00605141,0.0108959,0.00389422,0.000479364,0.000231971,0.00758471,0.0100233,3.38E-05,0.00146987,0.000119346,0,0.00876321,0.0110401,0.00348971,0.00362673,1.13E-05,0.00364233,0,0.00167277,0.00108374,0.000124425,0,0.0172051,8.72E-06,2.39E-06,1.68E-06,0.00108802,0.00631989,0.00362414,0.00131625,0.00981216,0.000440624,0.0165367,3.55E-06,1.75E-05,0.0109956,0.0397308,0.0250051,0.00535662,0.00222852,0.0231957,0.0131462,0.0099162,0.0119205,0.0120724,0.0190595,0.0068779,0.0272032,0.0114519,0.000570233,0.00152164,0.0086825,0.0134843,0,4.51E-06,0.00471285,0.00434377,0.00283207,0.00575145,0.0139306,0.00276002,0,0.000176137,0,0.00451097,0.0255245,0.00801494,0.00263769,5.54E-05,2.29E-05,0.00511412,0.00215944,0.000490664,0.00119555,8.48E-05,0.000421944,0.0265864,0.000484982,0.000139988,0.0089004,0.00889654,0.00080917,0.0102422,0.000512332,0.0177921,0.00907492,0.00907502,0.0091677,0.00879047,0.0110107,0.000153544,0.0144451,3.25E-05,0.00975863,0.000280623,0,0.00301771,0.00017732,3.46E-06,3.91E-07,0,0.001886,0.000569444,4.28E-06,7.28E-05,0.000291611,0.00199364,8.46E-07,0,0.000103676,1.72E-05,0.000628303,0.00143687,0.000113156,0,7.85E-06,0
sample32,521.5,526,0,16,149,23.604,37.054,200,22.935,40.331,4.083,0.0569,0.2312,2.36,0.2,2.6892,66.64,4.42574,0.869908,1,0.0113399,0.0232022,0.011318,0.0048677,0.00712998,0.00274729,0.00347729,0.01843,0.00926262,0.00114235,0.000276821,0.00728651,0.000415701,0.00999747,0.000753989,5.70E-05,0.0108214,0.0139887,0.0214321,9.73E-07,0.0173402,0.0146046,0.0124022,0.00200518,0.0385367,0.0145231,0.00558552,0.00100968,0,0.00923053,0.0159801,0.00500257,0.00514421,0.000469888,0.00314588,0.00040633,1.83E-05,0.00684716,0.0132837,0.0083183,0.00942903,0.000970923,0.0212827,0.00555177,0.0116541,0.00592608,0.00979315,0.00312247,0.000608089,0.000613912,0.00799604,0.0134727,0.000735402,0.00193553,0.000408454,9.64E-07,0.00838311,0.010405,0.00284646,0.00405337,7.72E-06,0.00351501,0.000175615,0.00244247,0.00110098,0.000263877,2.24E-07,0.0154367,5.40E-06,8.46E-06,1.13E-05,3.14E-05,0.00782138,0.00526818,0.00213868,0.0108601,0.000662007,0.0157124,8.02E-06,4.53E-05,0.0112262,0.0382909,0.0234889,0.00570666,0.00171275,0.0223692,0.01265,0.0104786,0.0151913,0.0116903,0.0185732,0.0081073,0.0228922,0.0104579,0.000900828,0.00221717,0.00773294,0.012799,0,0,0.00622083,0.00175951,0.00272422,0.00579242,0.0120889,0.00510314,0.00265737,0.000320263,1.59E-05,0.00444518,0.0259238,0.0103159,0.00357771,0.000199341,1.43E-05,0.00485151,0.00245133,0.000815517,0.00227673,0.00028814,0.000597112,0.0260803,0.000854208,0.000310493,0.00916468,0.00879059,0.00173838,0.0098179,0.000931533,0.0161799,0.00875719,0.00961952,0.00876157,0.00909044,0.0103505,0.000242704,0.0126704,8.19E-05,0.0114381,0.000411305,0,0.00334992,0.000134788,8.85E-06,1.02E-06,0,0.00166437,0.000521753,1.09E-06,0.000173978,0.000316214,0.00129999,4.23E-06,0,0.000199768,2.42E-05,0.000457448,0.000936923,7.99E-05,7.87E-05,2.01E-05,4.12E-06
sample33,521.5,621,0,16,149,23.604,37.054,500,21.582,40.529,0.775,0.001,0.2262,19,1.04,14.576,67.8165,4.42901,0.87055,1,0.0116688,0.022676,0.0116778,0.00376195,0.00670221,0.00281867,0.00276432,0.0160904,0.00862277,0.0128165,0.000405861,0.00732074,0.000436299,0.010301,0.000182397,1.82E-05,0.0109288,0.0136943,0.0223018,1.73E-06,0.0182382,0.0145897,0.0125433,0.00237182,0.0376338,0.0165851,0.00540734,0.000840938,0,0.00966709,0.0165097,0.00517494,0.00550635,0.000446333,0.00370717,0.00033425,2.09E-05,0.00673064,0.0136424,0.00762518,0.00863879,0.00135913,0.0209299,0.005703,0.0128841,0.0059307,0.00875666,0.00299753,0.00112801,0.000520727,0.00768953,0.0149497,0.000262148,0.00405264,0.000289778,0,0.00722442,0.00909816,0.00243958,0.00417066,9.17E-06,0.00337883,0.00031505,1.34E-05,0.00107386,0.00025439,0,0.014436,1.66E-05,1.05E-05,6.43E-06,1.70E-05,0.00688793,0.00539417,0.00212123,0.0115865,0.000913158,0.0149241,1.54E-05,6.53E-05,0.0118744,0.0360937,0.0209941,0.00586794,0.00169068,0.0224113,0.0138658,0.0108419,0.016832,0.0116673,0.01919,0.0104085,0.0188343,0.00920829,0.000819251,0.00224511,0.00970655,0.0141481,0,0,0.00601686,0.000516385,0.00238003,0.00610914,0.0124682,0.00142162,0,0.000269536,1.07E-05,0.00440209,0.0260178,0.0118923,0.00354118,0.000287705,2.13E-05,0.00445712,0.00241207,0.000974642,0.00228769,0.000266826,0.000618788,0.0254698,0.00188183,0.00072096,0.00865546,0.00961304,0.004316,0.00942294,0.00168681,0.0157529,0.00837626,0.0102708,0.00794352,0.00864705,0.00859796,0.000285236,0.010725,6.07E-05,0.0111731,0.000756371,0,0.00353264,0.000105561,1.39E-06,2.76E-07,0,0.00132454,0.000686425,1.32E-06,0.000240187,0.000412467,0.00125395,1.99E-06,0.00027521,0.000284147,7.88E-05,0.000293806,0.000648545,5.41E-05,0.000119912,1.98E-05,8.11E-06
sample34,431.5,204,0,16,169,25.772,36.116,10,28.943,40.512,4.458,0.001,0.2451,0.09,0.09,2.0195,62.8326,4.36058,0.857101,1,0.0107169,0.0223929,0.0127257,0.00522046,0.00618788,0.00215436,0.00361965,0.0243293,0.00711311,0.000309123,9.78E-05,0.00820398,0.000216081,0.0117259,0.00394294,0.00038167,0.0104314,0.0133305,0.0222044,0,0.0182958,0.0143341,0.00942248,0.0016068,0.0395176,0.0154341,0.00541015,0.000781622,0,0.00916767,0.0168112,0.00398232,0.00447189,0.000504614,0.00196042,0.000274749,3.54E-06,0.00584264,0.0144935,0.0081587,0.0104304,0.000324125,0.0215115,0,0.0132298,0.00748462,0.0125084,0.00366329,0.000259454,0.000302258,0.0067181,0.00757393,6.05E-06,0.000764595,0.000132214,0,0.00880485,0.0132907,0.00381261,0.003765,9.51E-06,0.00405639,0,0.00215621,0.0010357,0.000128763,0,0.0171928,7.84E-06,4.43E-06,2.65E-06,0.0010964,0.00669432,0.0036213,0.00137008,0.0100204,0.000415983,0.0162879,3.61E-06,0.000131494,0.00998676,0.0385331,0.0229569,0.00494483,0.00210603,0.0218033,0.0135438,0.0106159,0.0107381,0.012615,0.0189864,0.00612843,0.0301149,0.0125398,0.000536911,0.00148652,0.00882112,0.0134052,0,0,0.00512625,0.00468167,0.00287386,0.00553849,0.0133303,0.00281627,0,0.000124365,0,0.0045862,0.0249969,0.00841871,0.00240945,0.000106747,8.96E-06,0.00493774,0.00232452,0.000696693,0.00148746,0.000105839,0.000456188,0.0259171,0.000182215,2.67E-07,0.00911714,0.00821342,4.49E-06,0.0114336,9.56E-05,0.0192432,0.0099803,0.00985812,0.00961344,0.0100159,0.0124664,0.000233565,0.0150808,2.11E-05,0.00870085,0.000158012,0,0.00328774,0.000288164,3.12E-07,3.63E-07,0,0.00169772,0.000207249,1.30E-06,4.36E-05,0.000116829,0.00206374,2.44E-06,4.16E-07,0.000143713,3.71E-06,0.000650359,0.00148064,0.000186287,0,4.66E-06,0
sample35,431.5,298,0,16,169,25.772,36.116,25,28.943,40.512,4.461,0.001,0.2461,0.12,0.08,1.9586,64.223,4.37933,0.860785,1,0.0106077,0.0216523,0.0125577,0.00550412,0.00621798,0.00224316,0.00368662,0.0234065,0.00727338,0.000456757,0.000134693,0.00828309,0.000254234,0.0111482,0.00362703,0.000363603,0.010417,0.0132873,0.0216542,0,0.0177346,0.0141605,0.0093777,0.0017768,0.0383841,0.0154434,0.00537594,0.000849607,0,0.00916476,0.0167875,0.00412567,0.00457427,0.000515067,0.0020089,0.000219146,1.02E-05,0.00589379,0.0143914,0.00837631,0.0103851,0.000313668,0.0207844,0.00495264,0.0138738,0.00793404,0.0122216,0.00377789,0.000304104,0.000342911,0.00688155,0.00786865,0.000426402,0.000860307,0.000153544,0,0.00907795,0.0136158,0.00381922,0.00376355,7.64E-06,0.00406869,0,0.00227339,0.0010932,0.000160849,0,0.0166776,4.63E-06,5.82E-06,1.90E-06,0.00126384,0.0069356,0.00380171,0.00151182,0.00988093,0.000402222,0.0159068,1.85E-05,0.000154015,0.00974485,0.0380949,0.022658,0.00487469,0.00204851,0.021209,0.0135457,0.0109101,0.011224,0.0125368,0.0188911,0.00652697,0.0294379,0.0129312,0.000564899,0.0015526,0.00885649,0.0132425,0.000113954,0,0.00528787,0.00440616,0.00310181,0.00543568,0.0128243,0.00308847,0,0.000133172,1.71E-06,0.00470326,0.0247882,0.00871014,0.00264525,0.00012773,4.50E-06,0.00490945,0.0024249,0.000801037,0.00179985,0.000142364,0.000475336,0.0262003,0.00019762,3.54E-07,0.00919727,0.00798556,1.45E-05,0.0113788,0.000142223,0.0190438,0.00986003,0.00988769,0.00932343,0.00999769,0.012512,0.000154889,0.0147182,3.46E-05,0.00902125,0.000162339,0,0.00327109,0.000293438,0,3.40E-07,0,0.00164925,0.000221199,1.92E-06,4.24E-05,0.00010784,0,2.91E-06,0,0.000145774,6.12E-06,0.000614755,0.00136279,0.000189199,0,1.10E-05,6.81E-07
sample36,431.5,371,0,16,169,25.772,36.116,50,27.999,40.397,4.633,0.001,0.2408,0.09,0.1,2.1819,63.957,4.37076,0.8591,1,0.0108396,0.0210408,0.0131815,0.00516453,0.00643544,0.00211556,0.00339142,0.023749,0.00635092,0.000351823,9.25E-05,0.00895388,0.000175244,0.0113795,0.00650025,0.000644329,0.0104542,0.0133943,0.0217284,0,0.0174824,0.0145099,0.00865169,0.00139572,0.0391595,0.0155289,0.0050159,0.00112959,0,0.0094813,0.0170064,0.00376703,0.00414799,0.000526199,0.00170976,0.00020936,4.12E-06,0.00528949,0.0144971,0.00769632,0.00918566,0.000327761,0.0214727,0,0.0143744,0.00875418,0.0125831,0.0042211,0.000416019,0.000279611,0.00698382,0.00819769,6.82E-05,0.000838528,0.000125216,0,0.00903922,0.0140904,0.00425198,0.00366655,1.98E-06,0.00405562,0,0.00207812,0.00151964,0.000116315,0,0.0165198,5.31E-07,3.75E-06,1.01E-06,0.000988845,0.00601827,0.00311056,0.00135527,0.00954266,0.000432405,0.015097,2.95E-06,0.000177082,0.00928494,0.0369928,0.0231297,0.00467441,0.00231922,0.0202968,0.0150448,0.0110693,0.0108391,0.0127422,0.0192686,0.00838806,0.0291546,0.0137572,0.000444688,0.00127156,0.0104827,0.013879,0,1.52E-05,0.00462285,0.00540351,0.00306048,0.00532545,0.0134233,0.000817673,0.00227271,0.000131248,0,0.00497926,0.0248835,0.00810116,0.00276879,7.12E-05,6.78E-06,0.00498293,0.0023451,0.00053448,0.00120581,9.18E-05,0.000477631,0.0248753,0.000269945,2.63E-07,0.00884921,0.00767957,1.92E-05,0.0115555,9.58E-05,0.0192728,0.00974643,0.00979937,0.00957769,0.0103106,0.0130121,0.000115346,0.0144755,2.39E-05,0.00912035,0.000187199,0,0.00309305,0.00023881,1.24E-06,3.69E-07,0,0.00171379,0.000257649,2.81E-06,3.28E-05,0.000120069,0.00190481,2.02E-06,0,0.000112879,7.19E-06,0.000538099,0.00121956,0.000152634,0,5.83E-06,2.37E-07
sample37,431.5,442,0,16,169,25.772,36.116,100,24.825,40.332,4.607,0.3364,0.2393,0.16,0.08,2.5474,62.263,4.36034,0.857053,1,0.0104432,0.022395,0.0122356,0.00518574,0.0066961,0.00214864,0.00368781,0.023117,0.00687671,0.000378428,9.97E-05,0.0082303,0.000214284,0.0114109,0.00330301,0.000352499,0.0106227,0.0135816,0.0224719,0,0.0183987,0.0146619,0.00978737,0.00102473,0.0402632,0.0156435,0.00510665,0.000639691,0,0.0093998,0.017542,0.00415948,0.0045127,0.000456106,0.0019415,0.000270987,6.27E-06,0.00556048,0.0144795,0.00815694,0.0114507,0.000445534,0.0221532,0,0.0117258,0.00667528,0.0112953,0.00356462,0.000337552,0.000267837,0.00731589,0.00843416,1.95E-05,0.00108085,0.000180727,0,0.00913868,0.0127498,0.00362498,0.00383645,5.36E-06,0.00407072,0,0.00186511,0.000718311,0.000159495,0,0.0170291,4.84E-06,3.02E-06,1.82E-06,0.00122451,0.00661897,0.00334608,0.0013043,0.00973157,0.000370164,0.016911,4.41E-06,2.88E-05,0.00975,0.0404653,0.0231354,0.00497433,0.00221034,0.0220491,0.0132777,0.0105305,0.011609,0.0122211,0.0184256,0.00543043,0.0287903,0.0121289,0.00039675,0.00134389,0.00809755,0.0132984,0,0,0.00485963,0.0044206,0.00298102,0.00541866,0.0133638,0.00306965,0.00250184,0.000167834,2.83E-06,0.0048673,0.0254988,0.00767114,0.00227231,6.83E-05,8.84E-06,0.005047,0.00222458,0.00059026,0.00123985,8.84E-05,0.000437538,0.0266666,0.000305801,5.39E-05,0.00902332,0.0083799,0.000304411,0.0114849,0.000228656,0.019512,0.0100097,0.00970279,0.00948036,0.00967486,0.0123219,0.000105995,0.0150558,2.37E-05,0.00984042,0.000191094,0,0.00277488,0.000257592,5.53E-06,3.65E-07,0,0.00161755,0.000222586,1.99E-06,5.66E-05,0.0002662,0.0018978,1.33E-06,0,0.00012595,5.06E-06,0.000650312,0.00148378,0.000167685,0,6.25E-06,6.31E-07
sample38,431.5,515,0,16,169,25.772,36.116,200,22.349,40.409,3.568,0.001,0.2401,5.35,0.28,6.385,64.4031,4.39595,0.864053,1,0.0115012,0.023263,0.0116268,0.00447517,0.00710965,0.00280878,0.00321321,0.0173955,0.00825196,0.00101391,0.000338705,0.00710728,0.000435535,0.0102252,0.000451897,4.53E-05,0.0110669,0.0141064,0.0225398,0,0.0188729,0.0150102,0.0121545,0.00152569,0.0400766,0.0155438,0.00515761,0.000904669,0,0.00961417,0.0161794,0.00486467,0.00502686,0.000521131,0.00312668,0.000359993,1.79E-05,0.00643057,0.0141432,0.00766712,0.00954828,0.00100199,0.0223838,0.00579664,0.0115423,0.00526019,0.00910681,0.00301288,0.000798842,0.000571908,0.00806714,0.0141707,0.000665962,0.00418894,0.000299893,7.78E-07,0.00785167,0.00952652,0.00261562,0.00426761,1.25E-05,0.00335368,0,1.41E-05,0.000803967,0.000263528,0,0.0151277,2.79E-05,1.91E-05,1.67E-05,4.03E-05,0.00717704,0.00486835,0.00197492,0.0111496,0.000713681,0.015598,6.83E-06,4.08E-05,0.0113469,0.0393494,0.0233126,0.00577715,0.00174397,0.0227288,0.0132133,0.0110093,0.0162555,0.0118396,0.019246,0.00884468,0.0230967,0.00982451,0.000880823,0.0021329,0.00862034,0.0137985,0,0,0.00538951,0.00117356,0.00231248,0.00592947,0.0126938,0.0016069,0,0.000311205,1.92E-05,0.00435025,0.0269707,0.0105023,0.0030261,0.000204619,3.78E-05,0.00476008,0.00221934,0.000618461,0.00172044,0.000190427,0.000543213,0.0265203,0.00125635,0.000524458,0.00904936,0.00935844,0.00276835,0.00973932,0.0011763,0.0165106,0.00846347,0.00985949,0.0087593,0.00864173,0.00963742,0.000217713,0.0122667,7.42E-05,0.0116899,0.000530526,0,0.00331386,0.000109973,9.59E-06,9.04E-07,0,0.0015066,0.000523287,2.06E-06,0.000207543,0.000426817,0.00132816,3.48E-06,0.000180203,0.000141291,3.63E-05,0.000415051,0.000902428,6.96E-05,9.60E-05,1.75E-05,3.79E-06
sample39,431.5,610,0,16,169,25.772,36.116,500,21.603,40.53,1.407,0.001,0.2249,15.7,0.84,13.898,69.0152,4.44469,0.873632,1,0.0118463,0.0223842,0.0124713,0.00412888,0.00686182,0.00303414,0.00291755,0.0165667,0.00872588,0.0118508,0.000596186,0.00738545,0.000570377,0.00997155,0.000740123,8.17E-05,0.0108602,0.0133971,0.0213617,2.27E-06,0.0174743,0.0143224,0.0128677,0.00195305,0.035874,0.0165585,0.00546768,0.00107075,0,0.00956377,0.0162326,0.00512207,0.00574663,0.00067747,0.00361759,0.000318342,8.83E-06,0.00703502,0.0134179,0.00748644,0.00820806,0.00122257,0.0207507,0.00573534,0.012825,0.00615228,0.00954968,0.00370698,0.000998281,0.000568769,0.00783995,0.0142064,0.000401423,0.00367391,0.000286946,0,0.00604103,0.00980401,0.00263459,0.00407752,3.51E-05,0.00338821,0,1.15E-05,0.00151123,0.000296394,0,0.0145333,1.00E-05,3.41E-06,1.20E-05,2.45E-05,0.00659403,0.00530022,0.00233747,0.0113934,0.000887912,0.014707,9.39E-06,5.89E-05,0.0114271,0.0357781,0.0209221,0.00575438,0.00145306,0.0218392,0.0135416,0.010525,0.0166873,0.0114443,0.018847,0.0105858,0.0211862,0.00951766,0.000853739,0.00202805,0.00966042,0.0137014,0,0,0.00627373,0.00099429,0.00240353,0.00597125,0.0121705,0.00156437,0.00248612,0.000246769,1.04E-05,0.00401519,0.0251794,0.0121519,0.00348447,0.000289091,3.08E-05,0.00445402,0.0024336,0.00109207,0.00273924,0.000237716,0.00065359,0.0254972,0.00152764,0.000546009,0.00879063,0.00909098,0.00340547,0.00974747,0.00160829,0.0156497,0.00834228,0.0106535,0.00852413,0.00932151,0.00939843,0.000672885,0.0107206,8.01E-05,0.0113832,0.000661777,0,0.00375997,9.28E-05,4.81E-08,3.12E-07,0,0.00133306,0.000670888,4.70E-07,0.000199438,0.000397436,0.00112507,4.13E-07,0.000222188,0.000224192,4.09E-05,0.00034789,0.000788293,5.62E-05,8.23E-05,2.65E-05,9.23E-06
sample40,314,201.5,0,16,192,27.897,34.507,10,27.891,40.512,4.517,0.001,0.2436,0.25,0.09,2.1921,66.2497,4.40193,0.865227,1,0.0109436,0.0223156,0.012852,0.00514493,0.00629783,0.00255613,0.00349885,0.0230819,0.00851833,0.000789463,0.000201952,0.00783831,0.000313823,0.0112585,0.00267579,0.000518842,0.0103308,0.0130838,0.0210608,0,0.0175719,0.013986,0.0117251,0.00163833,0.0361735,0.0157036,0.0059209,0.000941391,0,0.00899031,0.0161282,0.00479008,0.0051056,0.000724046,0.00295752,0.000573548,1.55E-05,0.00652871,0.0138135,0.00807792,0.0095254,0.000769353,0.0201723,0,0.0146198,0.00860844,0.0124,0.00398458,0.000272349,0.000351864,0.00701144,0.0086715,1.62E-05,0.000935868,0.000139976,8.46E-07,0.00742342,0.0134953,0.00350146,0.00370016,1.92E-05,0.00423704,0,0.00209609,0.00111687,0.000167168,0,0.0168971,1.90E-05,1.48E-05,4.56E-06,0.0014879,0.00686697,0.00460741,0.00197225,0.0111056,0.000937838,0.016061,1.84E-05,8.08E-05,0.0108037,0.0357395,0.0220438,0.00495454,0.00181035,0.0216127,0.0128259,0.01031,0.0121431,0.012794,0.0184331,0.00701005,0.0296144,0.0114509,0.000887609,0.001876,0.00817965,0.0132281,0,0,0.00590126,0.00391127,0.00284139,0.00555599,0.0127564,0.00399907,0,0.000144015,0,0.00437052,0.0237107,0.00933679,0.00268987,0.000182912,4.07E-06,0.00491379,0.00258686,0.000976042,0.00284108,0.00023851,0.000484541,0.0246262,0.000159927,1.08E-06,0.00909102,0.00790024,2.21E-05,0.0107884,0.000201968,0.0179097,0.0105569,0.0102862,0.00935664,0.0103576,0.0123374,0.000724453,0.0144526,3.26E-05,0.0095765,0.000191097,0,0.00351671,0.000276859,2.13E-06,3.15E-07,0,0.001522,0.000244803,4.57E-07,0.000127248,0.000119692,0.0020015,1.42E-06,1.22E-06,0.000200556,1.78E-05,0.000642991,0.00144498,0.000176699,0,1.03E-05,0
sample41,314,296,0,16,192,27.897,34.507,25,27.845,40.515,4.514,0.0034,0.2542,0.15,0.07,2.4053,64.8109,4.39775,0.864407,1,0.0106607,0.0231441,0.0120379,0.0050974,0.00641954,0.00227742,0.00369618,0.0227007,0.0079915,0.000773982,0.000221085,0.00761373,0.000328815,0.0117671,0.00236452,0.000222314,0.0104753,0.013444,0.0218783,0,0.0182301,0.0143298,0.0109739,0.0015791,0.0385854,0.0147282,0.00564227,0.000882327,0,0.00916717,0.0168295,0.0043898,0.0048163,0.000545011,0.00258452,0.000377859,1.54E-05,0.0062776,0.0137613,0.00835465,0.0108302,0.000497451,0.0218102,0.00506408,0.0119923,0.00739399,0.0116466,0.00348301,0.000306953,0.000347136,0.00698927,0.00877307,0.000296033,0.00112544,0.00020966,0,0.00865553,0.012359,0.00344606,0.00383772,5.17E-06,0.00405608,0,0.0020166,0.00091833,0.000189026,0,0.0170903,2.73E-06,6.81E-06,3.97E-06,0.00144115,0.00677375,0.00414728,0.00175118,0.0106138,0.000612341,0.0168184,3.79E-06,2.83E-05,0.0107846,0.0384204,0.0228323,0.00510308,0.00189408,0.0224337,0.0123875,0.0102696,0.0117602,0.0123237,0.0182873,0.00563861,0.0282659,0.011316,0.000714618,0.00160043,0.00774722,0.0128476,0,0,0.00562214,0.00381391,0.00246155,0.00569913,0.0132401,0.0036814,0.00276642,0.000179775,0,0.00437329,0.0245394,0.00886759,0.00265128,0.000199515,2.53E-05,0.00527425,0.00244278,0.000743981,0.00194855,0.00018039,0.000447527,0.0247947,0.000228145,3.05E-05,0.00872615,0.00817429,0.000220329,0.0104613,0.000327003,0.0181688,0.00969181,0.00951882,0.00907762,0.00922253,0.0114407,0.000271581,0.0147322,3.97E-05,0.00984792,0.000186592,0,0.00338541,0.000261551,4.36E-06,3.77E-07,0,0.00159638,0.000248903,2.20E-07,8.23E-05,0.000199988,0.00202739,3.23E-06,0,0.000168777,1.11E-05,0.000663166,0.00149445,0.000169879,0,9.15E-06,0
sample42,314,368,0,16,192,27.897,34.507,50,26.227,40.444,4.608,0.3053,0.2519,0.05,0.07,2.2124,63.5901,4.37767,0.860459,1,0.0106354,0.0227927,0.0120783,0.00536048,0.00620966,0.00215558,0.00380532,0.0239774,0.00757328,0.000516805,0.000137512,0.00786703,0.000227429,0.0117076,0.00237443,0.00040125,0.0102663,0.013259,0.022258,0,0.0182777,0.014337,0.0101897,0.00149441,0.0395179,0.0152526,0.00551873,0.000667373,0,0.00906722,0.0170997,0.00434119,0.00461848,0.00054569,0.00208678,0.000270242,4.00E-06,0.00601212,0.0140349,0.00825939,0.0108631,0.00038222,0.0214273,0.00494276,0.0124714,0.00754916,0.012295,0.00338886,0.00025084,0.000406082,0.00673714,0.00779033,0.000375621,0.000946939,0.000164975,3.29E-07,0.008937,0.0129299,0.00352906,0.00396906,1.01E-05,0.0041585,0,0.0022273,0.00092728,0.000151097,0,0.0171747,5.18E-06,5.95E-06,9.38E-07,0.00127732,0.00705813,0.00393734,0.00145983,0.0105579,0.000522912,0.0167104,1.04E-05,6.93E-05,0.0104092,0.0386331,0.022695,0.00495972,0.00201946,0.0222263,0.0129833,0.0101942,0.0111463,0.0124416,0.0183787,0.00520335,0.0291196,0.0120171,0.000539746,0.00167874,0.00794608,0.0129926,0,0,0.00520742,0.00401935,0.00255054,0.00564491,0.0129633,0.0032332,0,0.000128658,2.55E-06,0.00452471,0.024871,0.00829141,0.00250896,0.000143324,8.00E-06,0.00504901,0.00245006,0.000853978,0.00208767,0.000160869,0.000450812,0.0253785,0.000148955,3.56E-06,0.00907854,0.00803891,4.29E-05,0.0108504,0.000160111,0.0190305,0.0100565,0.00966986,0.00916629,0.00947796,0.0120371,0.000211411,0.0151288,3.49E-05,0.00947099,0.000155861,0,0.00327157,0.000340725,2.13E-06,3.46E-07,0,0.00163625,0.000176084,1.45E-06,5.56E-05,0.000121129,0.00212724,2.54E-06,0,0.000167664,1.31E-05,0.000673754,0.00148026,0.000221104,0,1.21E-05,8.54E-07
sample43,314,440,0,16,192,27.897,34.507,100,23.678,40.395,4.19,0.1246,0.2345,1.31,0.11,2.6083,62.594,4.37041,0.859032,1,0.0110785,0.0239823,0.0118857,0.00467408,0.00685073,0.00236021,0.003588,0.0218019,0.00787182,0.000909959,0.000219096,0.00732328,0.000319445,0.0122402,0.002723,0.000366409,0.0106992,0.0139801,0.0230723,1.02E-06,0.0193323,0.0149451,0.0111969,0.00158064,0.0415696,0.0149558,0.0054304,0.000739705,0,0.00965714,0.0171007,0.00458516,0.00475977,0.000478106,0.00248871,0.000345019,9.85E-06,0.00612375,0.0138091,0.00809385,0.0109456,0.000688278,0.0228059,0,0.0105342,0.00562462,0.0109476,0.00333121,0.000461842,0.000297778,0.0073392,0.0103278,3.53E-05,0.00146498,0.000216449,0,0.00850218,0.0109286,0.00315709,0.00381621,5.52E-06,0.00384018,0,0.00183783,0.000807877,0.000197938,0,0.0171656,4.44E-06,5.83E-06,5.32E-06,0.00129464,0.00696414,0.00420304,0.00157636,0.0105138,0.000572195,0.0169659,2.09E-05,2.02E-05,0.0112087,0.0403578,0.0239039,0.00551078,0.00209259,0.0233126,0.0125571,0.00981776,0.0122675,0.012145,0.0187921,0.0060948,0.0262921,0.0109809,0.000607649,0.00184036,0.00795093,0.0131943,0,0,0.00521022,0.00336286,0.00231025,0.00592541,0.0137642,0.00348873,0,0.000207231,4.17E-06,0.00450599,0.0251327,0.0086008,0.00258414,9.97E-05,9.78E-06,0.00513142,0.00231166,0.000711195,0.00178796,0.00012853,0.000451412,0.0251171,0.000575397,0.000178804,0.00883956,0.00881494,0.00101436,0.0102487,0.000649872,0.0177511,0.00934573,0.00953815,0.00918068,0.00917006,0.0109768,0.000245104,0.0140534,3.38E-05,0.0104111,0.000289085,0,0.00324251,0.000208826,1.04E-05,3.30E-07,0,0.00166495,0.000376877,8.07E-07,0.000124609,0.000286722,0,3.21E-06,0,0.000184815,2.03E-05,0.000629787,0.00143905,0.000135069,0,7.53E-06,0
sample44,314,512,0,16,192,27.897,34.507,200,22.408,40.442,3.463,0.001,0.2359,5.21,0.26,4.8926,65.7189,4.41311,0.867425,1,0.0111439,0.0224738,0.011814,0.00468073,0.00673271,0.00254657,0.00329089,0.0180587,0.00825972,0.000921478,0.000348708,0.00768294,0.000330937,0.0106776,0.000851527,0.000214616,0.0107591,0.0135687,0.0221871,1.90E-06,0.0186291,0.0147532,0.0118063,0.00160092,0.0392631,0.0161272,0.00532486,0.000712245,0,0.00945585,0.0164975,0.00485436,0.00514831,0.000593572,0.00279996,0.000342036,2.24E-05,0.00624501,0.013977,0.00797741,0.0101024,0.000864939,0.0215625,0.00518705,0.0125683,0.00613973,0.00983403,0.00325936,0.000666539,0.000373025,0.00762781,0.0127812,0.00102391,0.0016252,0.000237791,0,0.00764884,0.010867,0.00286005,0.00426235,1.78E-05,0.00372779,0,0.00206988,0.00114138,0.000220699,0,0.0152877,1.06E-05,7.79E-06,2.01E-06,0.00149734,0.00715696,0.00479082,0.00193841,0.0109098,0.000640461,0.0157827,8.41E-06,6.06E-05,0.0110191,0.039245,0.0226251,0.0055613,0.00176673,0.0221737,0.0132894,0.0106472,0.0148564,0.0120224,0.0190467,0.00894673,0.0229569,0.0105222,0.00074241,0.00208704,0.00868334,0.0136611,0,0,0.00548946,0.00187091,0.00253552,0.00584448,0.0131413,0.00435976,0,0.000254931,1.05E-05,0.00449949,0.0253866,0.00965881,0.00297236,0.000226332,3.52E-05,0.00476976,0.00239607,0.000639909,0.0018578,0.000243425,0.000568084,0.0255408,0.000998731,0.000374159,0.00887506,0.00901475,0.00220904,0.0100483,0.00108391,0.0171646,0.00907698,0.0100562,0.00875646,0.00897988,0.010202,0.000314255,0.0122279,5.74E-05,0.011107,0.000466657,0,0.00331509,0.000142706,5.57E-06,2.80E-07,0,0.00141657,0.000501975,1.52E-06,0.000203591,0.000396966,0.00148968,1.63E-06,0,0.000169986,2.58E-05,0.000519513,0.00109433,9.10E-05,0,1.54E-05,1.78E-06
sample45,314,608,0,16,192,27.897,34.507,500,21.606,40.53,1.387,0.001,0.2389,15.7,0.81,13.187,67.071,4.42438,0.86964,1,0.0117433,0.0229204,0.0118818,0.00378169,0.00684479,0.00283453,0.00277455,0.0161061,0.00831145,0.0124397,0.000427595,0.00737124,0.00044679,0.0104793,0.00024043,3.56E-05,0.011019,0.0136676,0.0222752,1.06E-06,0.0186832,0.0146213,0.0125911,0.00183298,0.0379181,0.0169541,0.0052964,0.000772282,0,0.00964131,0.0162266,0.00514448,0.00539002,0.000581717,0.00342655,0.000411106,1.29E-05,0.00662911,0.0138589,0.00747983,0.00880117,0.00124395,0.0212475,0.00568404,0.0124963,0.00580348,0.00861285,0.00310904,0.00112263,0.000522502,0.00776747,0.0151775,0.000455584,0.00419496,0.000330219,7.58E-07,0.0068232,0.00897325,0.00241209,0.00418441,2.53E-05,0.00316982,0.00028998,1.20E-05,0.00092763,0.000263541,0,0.0145224,7.49E-06,8.48E-06,9.60E-06,2.04E-05,0.0067403,0.00533597,0.00212804,0.011834,0.000754176,0.0151906,5.81E-06,1.86E-05,0.0118672,0.0372162,0.0213446,0.00587518,0.00156228,0.0228805,0.0134382,0.0106387,0.0166559,0.0115105,0.0191258,0.00968405,0.0201382,0.0087169,0.000843138,0.00221925,0.0100903,0.0142558,0,0,0.00581642,0.000537506,0.00199505,0.00595291,0.0126582,0.00152185,0.00222335,0.000307188,1.53E-05,0.00425702,0.0257458,0.0120155,0.00305016,0.000244446,3.19E-05,0.00454609,0.00225789,0.00067243,0.00192192,0.000222085,0.000587385,0.0258225,0.00186985,0.000758905,0.00853305,0.00965747,0.00411738,0.00937008,0.00167586,0.0156673,0.00823293,0.0101092,0.00791437,0.00849818,0.00854026,0.000324678,0.0104539,6.06E-05,0.0106778,0.000742769,0,0.00357351,8.82E-05,4.89E-06,2.93E-07,0,0.00126855,0.000630636,6.42E-07,0.000232467,0.000438677,0.001299,1.29E-06,0,0.000205638,3.72E-05,0.000324987,0.000733731,5.48E-05,0.000112559,1.71E-05,4.31E-06
